condition,frame_idx,method,pred_id,w_cam,w_lidar,r_cam,r_lidar,confidence,source_mode,pos_x,pos_y,pos_z
Clean_Nominal,0,Camera-Only,0,0.0,0.0,0.0,0.0,0.8354418277740479,det,,,
Clean_Nominal,0,Camera-Only,1,0.0,0.0,0.0,0.0,0.6593651175498962,det,,,
Clean_Nominal,0,Camera-Only,2,0.0,0.0,0.0,0.0,0.5955885648727417,det,,,
Clean_Nominal,0,LiDAR-Only,0,0.0,1.0,0.0,0.2426380573636127,0.2426380573636127,lidar_only,2.2226145833333324,-4.164977083333333,-1.0270270833333333
Clean_Nominal,0,LiDAR-Only,1,0.0,1.0,0.0,0.1,0.1,lidar_only,-0.6040125000000001,-22.401787499999998,-1.7733875000000001
Clean_Nominal,0,LiDAR-Only,2,0.0,1.0,0.0,0.10497777119388957,0.10497777119388957,lidar_only,0.462575,-22.4796,2.8408999999999995
Clean_Nominal,0,Late Fusion (Fixed),0,0.0,0.5,0.0,0.2426380573636127,0.12131902868180636,late_fixed_lidar,2.2226145833333324,-4.164977083333333,-1.0270270833333333
Clean_Nominal,0,Late Fusion (Fixed),1,0.0,0.5,0.0,0.1,0.05,late_fixed_lidar,-0.6040125000000001,-22.401787499999998,-1.7733875000000001
Clean_Nominal,0,Late Fusion (Fixed),2,0.0,0.5,0.0,0.10497777119388957,0.052488885596944784,late_fixed_lidar,0.462575,-22.4796,2.8408999999999995
Clean_Nominal,0,Dempster-Shafer,0,0.0,1.0,0.0,0.4645740001944988,0.37165920015559906,ds_lidar,2.2226145833333324,-4.164977083333333,-1.0270270833333333
Clean_Nominal,0,Dempster-Shafer,1,0.0,1.0,0.0,0.2840992892213879,0.22727943137711032,ds_lidar,-0.6040125000000001,-22.401787499999998,-1.7733875000000001
Clean_Nominal,0,Dempster-Shafer,2,0.0,1.0,0.0,0.40475426797837244,0.323803414382698,ds_lidar,0.462575,-22.4796,2.8408999999999995
Clean_Nominal,0,Distance-Adaptive,0,0.0,0.11841215188792542,0.0,0.2426380573636127,0.02873129450233127,dist_lidar,2.2226145833333324,-4.164977083333333,-1.0270270833333333
Clean_Nominal,0,Distance-Adaptive,1,0.0,0.5814426772677301,0.0,0.1,0.058144267726773016,dist_lidar,-0.6040125000000001,-22.401787499999998,-1.7733875000000001
Clean_Nominal,0,Distance-Adaptive,2,0.0,0.582652615199849,0.0,0.10497777119388957,0.06116557292397113,dist_lidar,0.462575,-22.4796,2.8408999999999995
Clean_Nominal,0,Proposed Adaptive Fusion,0,0.0,1.0,0.01,0.2322870000972494,0.2322870000972494,adaptive_lidar_fallback,2.2226145833333324,-4.164977083333333,-1.0270270833333333
Clean_Nominal,0,Proposed Adaptive Fusion,1,0.0,1.0,0.01,0.20237713398918622,0.20237713398918622,adaptive_lidar_fallback,0.462575,-22.4796,2.8408999999999995
Clean_Nominal,0,Proposed Adaptive Fusion,2,0.0,1.0,0.01,0.23300749496767686,0.23300749496767686,adaptive_lidar_fallback,-3.8974818181818183,-22.22268181818182,-2.045109090909091
Clean_Nominal,10,Camera-Only,0,0.0,0.0,0.0,0.0,0.8452799320220947,det,,,
Clean_Nominal,10,Camera-Only,1,0.0,0.0,0.0,0.0,0.6627030968666077,det,,,
Clean_Nominal,10,Camera-Only,2,0.0,0.0,0.0,0.0,0.5890331864356995,det,,,
Clean_Nominal,10,LiDAR-Only,0,0.0,1.0,0.0,0.22128125151911984,0.22128125151911984,lidar_only,2.225374545454545,-4.144010909090909,-1.2883527272727273
Clean_Nominal,10,LiDAR-Only,1,0.0,1.0,0.0,0.1,0.1,lidar_only,-5.3076625,-16.684325,-0.801425
Clean_Nominal,10,LiDAR-Only,2,0.0,1.0,0.0,0.3118255266716909,0.3118255266716909,lidar_only,0.07029,-22.447080000000003,-0.8712249999999999
Clean_Nominal,10,Late Fusion (Fixed),0,0.0,0.5,0.0,0.22128125151911984,0.11064062575955992,late_fixed_lidar,2.225374545454545,-4.144010909090909,-1.2883527272727273
Clean_Nominal,10,Late Fusion (Fixed),1,0.0,0.5,0.0,0.1,0.05,late_fixed_lidar,-5.3076625,-16.684325,-0.801425
Clean_Nominal,10,Late Fusion (Fixed),2,0.0,0.5,0.0,0.3118255266716909,0.15591276333584544,late_fixed_lidar,0.07029,-22.447080000000003,-0.8712249999999999
Clean_Nominal,10,Dempster-Shafer,0,0.0,1.0,0.0,0.5027723728956847,0.40221789831654775,ds_lidar,2.225374545454545,-4.144010909090909,-1.2883527272727273
Clean_Nominal,10,Dempster-Shafer,1,0.0,1.0,0.0,0.2350822612144164,0.18806580897153313,ds_lidar,-5.3076625,-16.684325,-0.801425
Clean_Nominal,10,Dempster-Shafer,2,0.0,1.0,0.0,0.6559127633358455,0.5247302106686764,ds_lidar,0.07029,-22.447080000000003,-0.8712249999999999
Clean_Nominal,10,Distance-Adaptive,0,0.0,0.117842410623056,0.0,0.22128125151911984,0.026076316104699855,dist_lidar,2.225374545454545,-4.144010909090909,-1.2883527272727273
Clean_Nominal,10,Distance-Adaptive,1,0.0,0.48961364805993013,0.0,0.1,0.048961364805993016,dist_lidar,-5.3076625,-16.684325,-0.801425
Clean_Nominal,10,Distance-Adaptive,2,0.0,0.5820490218262109,0.0,0.3118255266716909,0.1814977427797007,dist_lidar,0.07029,-22.447080000000003,-0.8712249999999999
Clean_Nominal,10,Temporal Fusion,0,0.0,0.0,0.0,0.0,0.703430996467607,temporal_fused,13.086380658332795,1.2414937642815795,-1.8590242978908436
Clean_Nominal,10,Temporal Fusion,1,0.0,0.0,0.0,0.0,0.2764285561030115,temporal_fused,-6.87012406762876,13.912727853735397,1.4761401281756013
Clean_Nominal,10,Temporal Fusion,2,0.0,0.0,0.0,0.0,0.3582768584430497,temporal_fused,-2.852411704871446,14.806118628846995,1.5382131023771586
Clean_Nominal,10,Proposed Adaptive Fusion,0,0.0,1.0,0.01,0.25138618644784233,0.25138618644784233,adaptive_lidar_fallback,2.225374545454545,-4.144010909090909,-1.2883527272727273
Clean_Nominal,10,Proposed Adaptive Fusion,1,0.0,1.0,0.01,0.32795638166792274,0.32795638166792274,adaptive_lidar_fallback,0.07029,-22.447080000000003,-0.8712249999999999
Clean_Nominal,10,Proposed Adaptive Fusion,2,0.0,1.0,0.01,0.36714737970982914,0.36714737970982914,adaptive_lidar_fallback,-0.27674222222222217,-22.44830888888889,2.1523888888888894
Clean_Nominal,20,Camera-Only,0,0.0,0.0,0.0,0.0,0.8613378405570984,det,,,
Clean_Nominal,20,Camera-Only,1,0.0,0.0,0.0,0.0,0.6853788495063782,det,,,
Clean_Nominal,20,Camera-Only,2,0.0,0.0,0.0,0.0,0.6372888088226318,det,,,
Clean_Nominal,20,LiDAR-Only,0,0.0,1.0,0.0,0.20833436849106543,0.20833436849106543,lidar_only,1.4395250000000004,-4.305206521739128,-0.9969043478260871
Clean_Nominal,20,LiDAR-Only,1,0.0,1.0,0.0,0.16288635326661527,0.16288635326661527,lidar_only,-2.6234428571428574,-22.3871,1.6733357142857144
Clean_Nominal,20,LiDAR-Only,2,0.0,1.0,0.0,0.3190053700713694,0.3190053700713694,lidar_only,-3.3469272727272723,-22.363922727272723,-1.169859090909091
Clean_Nominal,20,Late Fusion (Fixed),0,0.0,0.5,0.0,0.20833436849106543,0.10416718424553272,late_fixed_lidar,1.4395250000000004,-4.305206521739128,-0.9969043478260871
Clean_Nominal,20,Late Fusion (Fixed),1,0.0,0.5,0.0,0.16288635326661527,0.08144317663330763,late_fixed_lidar,-2.6234428571428574,-22.3871,1.6733357142857144
Clean_Nominal,20,Late Fusion (Fixed),2,0.0,0.5,0.0,0.3190053700713694,0.1595026850356847,late_fixed_lidar,-3.3469272727272723,-22.363922727272723,-1.169859090909091
Clean_Nominal,20,Dempster-Shafer,0,0.0,1.0,0.0,0.6041671842455327,0.4833337473964262,ds_lidar,1.4395250000000004,-4.305206521739128,-0.9969043478260871
Clean_Nominal,20,Dempster-Shafer,1,0.0,1.0,0.0,0.49339826155188865,0.3947186092415109,ds_lidar,-2.6234428571428574,-22.3871,1.6733357142857144
Clean_Nominal,20,Dempster-Shafer,2,0.0,1.0,0.0,0.6595026850356847,0.5276021480285478,ds_lidar,-3.3469272727272723,-22.363922727272723,-1.169859090909091
Clean_Nominal,20,Distance-Adaptive,0,0.0,0.1124123739849957,0.0,0.20833436849106543,0.023419360944745553,dist_lidar,1.4395250000000004,-4.305206521739128,-0.9969043478260871
Clean_Nominal,20,Distance-Adaptive,1,0.0,0.5835585618430805,0.0,0.16288635326661527,0.09505372605612997,dist_lidar,-2.6234428571428574,-22.3871,1.6733357142857144
Clean_Nominal,20,Distance-Adaptive,2,0.0,0.584731780233532,0.0,0.3190053700713694,0.18653257794588854,dist_lidar,-3.3469272727272723,-22.363922727272723,-1.169859090909091
Clean_Nominal,20,Temporal Fusion,0,0.0,0.0,0.0,0.0,0.674944225861689,temporal_fused,12.309837687155698,0.7277676536557994,-1.8826082348595066
Clean_Nominal,20,Temporal Fusion,1,0.0,0.0,0.0,0.0,0.3226633564944108,temporal_fused,-6.571122324372621,14.22312185032302,1.4966252089103853
Clean_Nominal,20,Temporal Fusion,2,0.0,0.0,0.0,0.0,0.2249581748388066,temporal_fused,-4.170891776482545,-22.320831223259148,1.0979666192442308
Clean_Nominal,20,Proposed Adaptive Fusion,0,0.0,1.0,0.01,0.30208359212276636,0.30208359212276636,adaptive_lidar_fallback,1.4395250000000004,-4.305206521739128,-0.9969043478260871
Clean_Nominal,20,Proposed Adaptive Fusion,1,0.0,1.0,0.01,0.24669913077594433,0.24669913077594433,adaptive_lidar_fallback,-2.6234428571428574,-22.3871,1.6733357142857144
Clean_Nominal,20,Proposed Adaptive Fusion,2,0.0,1.0,0.01,0.3297513425178423,0.3297513425178423,adaptive_lidar_fallback,-3.3469272727272723,-22.363922727272723,-1.169859090909091
Clean_Nominal,30,Camera-Only,0,0.0,0.0,0.0,0.0,0.855445146560669,det,,,
Clean_Nominal,30,Camera-Only,1,0.0,0.0,0.0,0.0,0.7122951745986938,det,,,
Clean_Nominal,30,Camera-Only,2,0.0,0.0,0.0,0.0,0.6741661429405212,det,,,
Clean_Nominal,30,LiDAR-Only,0,0.0,1.0,0.0,0.10802076657206922,0.10802076657206922,lidar_only,-0.4780757142857144,-4.490657142857141,-0.8825057142857142
Clean_Nominal,30,LiDAR-Only,1,0.0,1.0,0.0,0.7018628540987185,0.7018628540987185,lidar_only,10.210899999999997,-0.9751281250000001,-1.7616000000000003
Clean_Nominal,30,LiDAR-Only,2,0.0,1.0,0.0,0.1,0.1,lidar_only,-4.3225727272727275,-17.1865,1.8888818181818179
Clean_Nominal,30,Late Fusion (Fixed),0,0.5,0.5,0.855445146560669,0.7018628540987185,0.7786540003296938,late_fixed,10.984128038007599,-0.8807709943238133,-1.8999437569669801
Clean_Nominal,30,Late Fusion (Fixed),1,0.5,0.5,0.6040568351745605,0.1,0.35202841758728026,late_fixed,20.037628345512395,-5.014031377084627,-1.8282620242687582
Clean_Nominal,30,Late Fusion (Fixed),2,0.0,0.5,0.0,0.10802076657206922,0.05401038328603461,late_fixed_lidar,-0.4780757142857144,-4.490657142857141,-0.8825057142857142
Clean_Nominal,30,Dempster-Shafer,0,0.451086314183388,0.5489130007249815,0.6584320900992462,0.8012256700899674,0.9321050675907072,dempster_shafer,10.908478175974071,-0.8900010363606002,-1.8864087439836188
Clean_Nominal,30,Dempster-Shafer,1,0.5961723034578922,0.4038261186645229,0.3778317843755692,0.2559299419102479,0.5370632596587324,dempster_shafer,20.240592322533313,-5.044848168277943,-1.8396627724209385
Clean_Nominal,30,Dempster-Shafer,2,0.0,1.0,0.0,0.5366633086280982,0.4293306469024786,ds_lidar,-0.4780757142857144,-4.490657142857141,-0.8825057142857142
Clean_Nominal,30,Distance-Adaptive,0,0.6992155073277361,0.3007844926722639,0.855445146560669,0.7018628540987185,0.8092499746390579,distance_adaptive,11.292206069751028,-0.8431761870085211,-1.9550642004265841
Clean_Nominal,30,Distance-Adaptive,1,0.4682426933236559,0.5317573066763441,0.6040568351745605,0.1,0.33602093009033435,distance_adaptive,19.970597191889045,-5.003852755256794,-1.8244964318454968
Clean_Nominal,30,Distance-Adaptive,2,0.0,0.11163911681615646,0.0,0.10802076657206922,0.012059342977910004,dist_lidar,-0.4780757142857144,-4.490657142857141,-0.8825057142857142
Clean_Nominal,30,Temporal Fusion,0,0.0,0.0,0.0,0.0,0.6244075859176896,temporal_fused,10.938973039326175,-0.7006967918117446,-1.9075381670038127
Clean_Nominal,30,Temporal Fusion,1,0.0,0.0,0.0,0.0,0.3696331481175148,temporal_fused,-7.268460605980224,14.711934318095064,1.6322577748687066
Clean_Nominal,30,Temporal Fusion,2,0.0,0.0,0.0,0.0,0.3349844873577005,temporal_fused,-1.0323584723817651,14.923888566297359,1.3342005646825696
Clean_Nominal,30,Proposed Adaptive Fusion,0,0.049999954001965684,0.9499990459986843,0.2368750600205606,0.4807354020539804,0.6037362348589961,adaptive_fused,10.288212521773456,-0.9656914454853753,-1.7754326013707615
Clean_Nominal,30,Proposed Adaptive Fusion,1,0.04999995140070821,0.9499990485999418,0.13592734611119606,0.15355796514614875,0.2686125845807933,adaptive_fused,18.9822625,-4.853775,-1.768975
Clean_Nominal,30,Proposed Adaptive Fusion,2,0.0,1.0,0.01,0.2683316543140491,0.2683316543140491,adaptive_lidar_fallback,-0.4780757142857144,-4.490657142857141,-0.8825057142857142
Clean_Nominal,40,Camera-Only,0,0.0,0.0,0.0,0.0,0.9005837440490723,det,,,
Clean_Nominal,40,Camera-Only,1,0.0,0.0,0.0,0.0,0.7902342081069946,det,,,
Clean_Nominal,40,Camera-Only,2,0.0,0.0,0.0,0.0,0.7558078169822693,det,,,
Clean_Nominal,40,LiDAR-Only,0,0.0,1.0,0.0,0.260980215606599,0.260980215606599,lidar_only,-2.470446,-4.528032,-1.2408159999999997
Clean_Nominal,40,LiDAR-Only,1,0.0,1.0,0.0,0.9004779422527724,0.9004779422527724,lidar_only,8.348120754716982,-1.0759962264150944,-1.6839018867924533
Clean_Nominal,40,LiDAR-Only,2,0.0,1.0,0.0,0.1,0.1,lidar_only,-7.19435,-22.368779999999997,-0.40359
Clean_Nominal,40,Late Fusion (Fixed),0,0.5,0.5,0.9005837440490723,0.9004779422527724,0.9005308431509224,late_fixed,9.132649452529527,-1.1811984268304034,-1.8572199642156386
Clean_Nominal,40,Late Fusion (Fixed),1,0.0,0.5,0.0,0.260980215606599,0.1304901078032995,late_fixed_lidar,-2.470446,-4.528032,-1.2408159999999997
Clean_Nominal,40,Late Fusion (Fixed),2,0.0,0.5,0.0,0.1,0.05,late_fixed_lidar,-7.19435,-22.368779999999997,-0.40359
Clean_Nominal,40,Dempster-Shafer,0,0.4285486272814205,0.571450771342727,0.7126136267323196,0.9502389711263862,0.9856993583819438,dempster_shafer,9.02053312737964,-1.1661640964868778,-1.8324513224600427
Clean_Nominal,40,Dempster-Shafer,1,0.0,1.0,0.0,0.5153724581456618,0.41229796651652945,ds_lidar,-2.470446,-4.528032,-1.2408159999999997
Clean_Nominal,40,Dempster-Shafer,2,0.0,1.0,0.0,0.35621568698820477,0.28497254959056384,ds_lidar,-7.19435,-22.368779999999997,-0.40359
Clean_Nominal,40,Distance-Adaptive,0,0.7577063856705987,0.24229361432940133,0.9005837440490723,0.9004779422527724,0.9005581089494443,distance_adaptive,9.53700556286579,-1.23542098449765,-1.9465503148238508
Clean_Nominal,40,Distance-Adaptive,1,0.0,0.1329988207659255,0.0,0.260980215606599,0.034710060918914654,dist_lidar,-2.470446,-4.528032,-1.2408159999999997
Clean_Nominal,40,Distance-Adaptive,2,0.0,0.5986318629048953,0.0,0.1,0.059863186290489534,dist_lidar,-7.19435,-22.368779999999997,-0.40359
Clean_Nominal,40,Temporal Fusion,0,0.0,0.0,0.0,0.0,0.8210308028637172,temporal_fused,9.142689535470456,-1.1489617809175994,-1.8673937649007732
Clean_Nominal,40,Temporal Fusion,1,0.0,0.0,0.0,0.0,0.3744655136276587,temporal_fused,-7.975929814056276,14.830604033016401,1.5605301875771826
Clean_Nominal,40,Temporal Fusion,2,0.0,0.0,0.0,0.0,0.31068046238261027,temporal_fused,-0.9498911123023602,15.458349953526707,0.8365100034589649
Clean_Nominal,40,Proposed Adaptive Fusion,0,0.049999950002607305,0.9499990499980426,0.2841321816531363,0.5067941179340727,0.6469297812096241,adaptive_fused,8.426565197934128,-1.0865153599414268,-1.7012319933030755
Clean_Nominal,40,Proposed Adaptive Fusion,1,0.0,1.0,0.01,0.2576862290728309,0.2576862290728309,adaptive_lidar_fallback,-2.470446,-4.528032,-1.2408159999999997
Clean_Nominal,40,Proposed Adaptive Fusion,2,0.0,1.0,0.01,0.17810784349410239,0.17810784349410239,adaptive_lidar_fallback,-7.19435,-22.368779999999997,-0.40359
Clean_Nominal,50,Camera-Only,0,0.0,0.0,0.0,0.0,0.8478620648384094,det,,,
Clean_Nominal,50,Camera-Only,1,0.0,0.0,0.0,0.0,0.8393945097923279,det,,,
Clean_Nominal,50,Camera-Only,2,0.0,0.0,0.0,0.0,0.8054687976837158,det,,,
Clean_Nominal,50,LiDAR-Only,0,0.0,1.0,0.0,0.2743750200041165,0.2743750200041165,lidar_only,-4.261744999999999,-4.689679999999997,-1.0741425
Clean_Nominal,50,LiDAR-Only,1,0.0,1.0,0.0,0.7193534656550318,0.7193534656550318,lidar_only,6.315695384615386,-0.6313046153846155,-1.6517076923076925
Clean_Nominal,50,LiDAR-Only,2,0.0,1.0,0.0,0.1,0.1,lidar_only,-5.981200000000001,-2.9162069767441854,-2.356627906976743
Clean_Nominal,50,Late Fusion (Fixed),0,0.5,0.5,0.8478620648384094,0.7193534656550318,0.7836077652467206,late_fixed,7.081432168442604,-0.5874168701169304,-1.939753297026245
Clean_Nominal,50,Late Fusion (Fixed),1,0.5,0.5,0.6875641942024231,0.39054507359512625,0.5390546338987747,late_fixed,16.33223947112561,-4.28751822513752,-1.675452625816726
Clean_Nominal,50,Late Fusion (Fixed),2,0.0,0.5,0.0,0.2743750200041165,0.13718751000205825,late_fixed_lidar,-4.261744999999999,-4.689679999999997,-1.0741425
Clean_Nominal,50,Dempster-Shafer,0,0.44515914811506024,0.5548402064793061,0.6897354545882365,0.8596767328275159,0.9564626653000358,dempster_shafer,6.997440777167785,-0.5922301453449532,-1.908158898315839
Clean_Nominal,50,Dempster-Shafer,1,0.5273918155478295,0.47260701996028825,0.4528943684671202,0.4058482735757034,0.6749362444882843,dempster_shafer,16.387762344853616,-4.300247860856198,-1.6828823761420266
Clean_Nominal,50,Dempster-Shafer,2,0.0,1.0,0.0,0.504029619527548,0.4032236956220384,ds_lidar,-4.261744999999999,-4.689679999999997,-1.0741425
Clean_Nominal,50,Distance-Adaptive,0,0.8268613514090773,0.17313864859092265,0.8478620648384094,0.7193534656550318,0.8256122596434868,distance_adaptive,7.582011688413415,-0.5587264546599446,-2.128055248277747
Clean_Nominal,50,Distance-Adaptive,1,0.5476490643758662,0.45235093562413375,0.6875641942024231,0.39054507359512625,0.553207317097455,distance_adaptive,16.428854569615957,-4.309670106024788,-1.6883800672173188
Clean_Nominal,50,Distance-Adaptive,2,0.0,0.17278925992356597,0.0,0.2743750200041165,0.0474090566480249,dist_lidar,-4.261744999999999,-4.689679999999997,-1.0741425
Clean_Nominal,50,Temporal Fusion,0,0.0,0.0,0.0,0.0,0.6955181004124088,temporal_fused,7.0523862336225065,-0.45362749852276785,-1.9311313698823567
Clean_Nominal,50,Temporal Fusion,1,0.0,0.0,0.0,0.0,0.35828978863796135,temporal_fused,-11.301247081903869,14.12520729295603,1.6317069703332072
Clean_Nominal,50,Temporal Fusion,2,0.0,0.0,0.0,0.0,0.383708058608429,temporal_fused,-4.528037552756908,15.344557742309568,0.6690280216943967
Clean_Nominal,50,Proposed Adaptive Fusion,0,0.2960767119979779,0.7039222880019971,0.412659304089874,0.5501931090096102,0.7358101076205343,adaptive_fused,6.769122727342781,-0.6053157054482623,-1.8222732317010353
Clean_Nominal,50,Proposed Adaptive Fusion,1,0.136126760716899,0.8638722392837509,0.18816702524077436,0.1803770104780904,0.3346030302353785,adaptive_fused,15.594420602702055,-4.118350792777361,-1.5767303652713458
Clean_Nominal,50,Proposed Adaptive Fusion,2,0.0,1.0,0.01,0.252014809763774,0.252014809763774,adaptive_lidar_fallback,-4.261744999999999,-4.689679999999997,-1.0741425
Clean_Nominal,60,Camera-Only,0,0.0,0.0,0.0,0.0,0.9406607151031494,det,,,
Clean_Nominal,60,Camera-Only,1,0.0,0.0,0.0,0.0,0.8408942222595215,det,,,
Clean_Nominal,60,Camera-Only,2,0.0,0.0,0.0,0.0,0.8040767312049866,det,,,
Clean_Nominal,60,LiDAR-Only,0,0.0,1.0,0.0,0.8248317895471914,0.8248317895471914,lidar_only,4.581413223140496,-0.6348528925619834,-1.6640495867768603
Clean_Nominal,60,LiDAR-Only,1,0.0,1.0,0.0,0.1,0.1,lidar_only,-5.920168749999999,-4.670612499999999,-2.0051437500000002
Clean_Nominal,60,LiDAR-Only,2,0.0,1.0,0.0,0.1,0.1,lidar_only,-5.935135294117647,-4.776005882352941,0.363429411764706
Clean_Nominal,60,Late Fusion (Fixed),0,0.5,0.5,0.9406607151031494,0.8248317895471914,0.8827462523251703,late_fixed,5.353301761848442,-0.6362729090015813,-2.000975064874944
Clean_Nominal,60,Late Fusion (Fixed),1,0.5,0.5,0.7309319972991943,0.6914113042265035,0.7111716507628489,late_fixed,14.77905866807853,-4.140514371572265,-1.7309667751343447
Clean_Nominal,60,Late Fusion (Fixed),2,0.0,0.5,0.0,0.1,0.05,late_fixed_lidar,-5.920168749999999,-4.670612499999999,-2.0051437500000002
Clean_Nominal,60,Dempster-Shafer,0,0.4627440949978274,0.537255316174951,0.7858741547587608,0.9124158947735956,0.9812459794386985,dempster_shafer,5.295784252046886,-0.636166727187766,-1.975869157827582
Clean_Nominal,60,Dempster-Shafer,1,0.397415173136825,0.6025840201907025,0.49265989185966014,0.7469996071873746,0.8716427533508941,dempster_shafer,14.572168822839338,-4.072172201947799,-1.704759432821069
Clean_Nominal,60,Dempster-Shafer,2,0.0,1.0,0.0,0.2208151440056771,0.1766521152045417,ds_lidar,-5.920168749999999,-4.670612499999999,-2.0051437500000002
Clean_Nominal,60,Distance-Adaptive,0,0.8847581495191807,0.11524185048081925,0.9406607151031494,0.8248317895471914,0.9273123753828758,distance_adaptive,5.947282573425111,-0.6373656347967541,-2.2602447118327125
Clean_Nominal,60,Distance-Adaptive,1,0.5857665849109426,0.4142334150890574,0.7309319972991943,0.6914113042265035,0.7145612056410071,distance_adaptive,14.952020725783706,-4.1976496346935726,-1.7528764804741133
Clean_Nominal,60,Distance-Adaptive,2,0.0,0.21331235411724225,0.0,0.1,0.021331235411724228,dist_lidar,-5.920168749999999,-4.670612499999999,-2.0051437500000002
Clean_Nominal,60,Temporal Fusion,0,0.0,0.0,0.0,0.0,0.7538798162481937,temporal_fused,5.346631165347742,-0.461527561853272,-2.0217683067136094
Clean_Nominal,60,Temporal Fusion,1,0.0,0.0,0.0,0.0,0.42048832479057396,temporal_fused,-5.984349908483199,15.42866429097214,0.8184747180602997
Clean_Nominal,60,Temporal Fusion,2,0.0,0.0,0.0,0.0,0.5540182195377852,temporal_fused,14.714257977806378,-4.133816155784517,-1.7314942184636704
Clean_Nominal,60,Proposed Adaptive Fusion,0,0.37974812627699767,0.6202508737230708,0.46570384381219115,0.651725639123997,0.8139183476851858,adaptive_fused,5.167655094265651,-0.635930754873574,-1.9199415607328454
Clean_Nominal,60,Proposed Adaptive Fusion,1,0.1654117366793164,0.8345872633213337,0.17209507628835088,0.314526150394684,0.43249282483618046,adaptive_fused,14.10429406557474,-3.9176173653324513,-1.6454921375318323
Camera_Degraded,0,LiDAR-Only,0,0.0,1.0,0.0,0.2426380573636127,0.2426380573636127,lidar_only,2.2226145833333324,-4.164977083333333,-1.0270270833333333
Camera_Degraded,0,LiDAR-Only,1,0.0,1.0,0.0,0.1,0.1,lidar_only,-0.6040125000000001,-22.401787499999998,-1.7733875000000001
Camera_Degraded,0,LiDAR-Only,2,0.0,1.0,0.0,0.10497777119388957,0.10497777119388957,lidar_only,0.462575,-22.4796,2.8408999999999995
Camera_Degraded,0,Late Fusion (Fixed),0,0.0,0.5,0.0,0.2426380573636127,0.12131902868180636,late_fixed_lidar,2.2226145833333324,-4.164977083333333,-1.0270270833333333
Camera_Degraded,0,Late Fusion (Fixed),1,0.0,0.5,0.0,0.1,0.05,late_fixed_lidar,-0.6040125000000001,-22.401787499999998,-1.7733875000000001
Camera_Degraded,0,Late Fusion (Fixed),2,0.0,0.5,0.0,0.10497777119388957,0.052488885596944784,late_fixed_lidar,0.462575,-22.4796,2.8408999999999995
Camera_Degraded,0,Dempster-Shafer,0,0.0,1.0,0.0,0.4645740001944988,0.37165920015559906,ds_lidar,2.2226145833333324,-4.164977083333333,-1.0270270833333333
Camera_Degraded,0,Dempster-Shafer,1,0.0,1.0,0.0,0.2840992892213879,0.22727943137711032,ds_lidar,-0.6040125000000001,-22.401787499999998,-1.7733875000000001
Camera_Degraded,0,Dempster-Shafer,2,0.0,1.0,0.0,0.40475426797837244,0.323803414382698,ds_lidar,0.462575,-22.4796,2.8408999999999995
Camera_Degraded,0,Distance-Adaptive,0,0.0,0.11841215188792542,0.0,0.2426380573636127,0.02873129450233127,dist_lidar,2.2226145833333324,-4.164977083333333,-1.0270270833333333
Camera_Degraded,0,Distance-Adaptive,1,0.0,0.5814426772677301,0.0,0.1,0.058144267726773016,dist_lidar,-0.6040125000000001,-22.401787499999998,-1.7733875000000001
Camera_Degraded,0,Distance-Adaptive,2,0.0,0.582652615199849,0.0,0.10497777119388957,0.06116557292397113,dist_lidar,0.462575,-22.4796,2.8408999999999995
Camera_Degraded,0,Proposed Adaptive Fusion,0,0.0,1.0,0.01,0.2322870000972494,0.2322870000972494,adaptive_lidar_fallback,2.2226145833333324,-4.164977083333333,-1.0270270833333333
Camera_Degraded,0,Proposed Adaptive Fusion,1,0.0,1.0,0.01,0.20237713398918622,0.20237713398918622,adaptive_lidar_fallback,0.462575,-22.4796,2.8408999999999995
Camera_Degraded,0,Proposed Adaptive Fusion,2,0.0,1.0,0.01,0.23300749496767686,0.23300749496767686,adaptive_lidar_fallback,-3.8974818181818183,-22.22268181818182,-2.045109090909091
Camera_Degraded,10,Camera-Only,0,0.0,0.0,0.0,0.0,0.25056716799736023,det,,,
Camera_Degraded,10,LiDAR-Only,0,0.0,1.0,0.0,0.22128125151911984,0.22128125151911984,lidar_only,2.225374545454545,-4.144010909090909,-1.2883527272727273
Camera_Degraded,10,LiDAR-Only,1,0.0,1.0,0.0,0.1,0.1,lidar_only,-5.3076625,-16.684325,-0.801425
Camera_Degraded,10,LiDAR-Only,2,0.0,1.0,0.0,0.3357463258882356,0.3357463258882356,lidar_only,-0.08913478260869566,-22.443100000000005,-1.0042521739130434
Camera_Degraded,10,Late Fusion (Fixed),0,0.0,0.5,0.0,0.22128125151911984,0.11064062575955992,late_fixed_lidar,2.225374545454545,-4.144010909090909,-1.2883527272727273
Camera_Degraded,10,Late Fusion (Fixed),1,0.0,0.5,0.0,0.1,0.05,late_fixed_lidar,-5.3076625,-16.684325,-0.801425
Camera_Degraded,10,Late Fusion (Fixed),2,0.0,0.5,0.0,0.3357463258882356,0.1678731629441178,late_fixed_lidar,-0.08913478260869566,-22.443100000000005,-1.0042521739130434
Camera_Degraded,10,Dempster-Shafer,0,0.0,1.0,0.0,0.5027723728956847,0.40221789831654775,ds_lidar,2.225374545454545,-4.144010909090909,-1.2883527272727273
Camera_Degraded,10,Dempster-Shafer,1,0.0,1.0,0.0,0.2350822612144164,0.18806580897153313,ds_lidar,-5.3076625,-16.684325,-0.801425
Camera_Degraded,10,Dempster-Shafer,2,0.0,1.0,0.0,0.6678731629441178,0.5342985303552943,ds_lidar,-0.08913478260869566,-22.443100000000005,-1.0042521739130434
Camera_Degraded,10,Distance-Adaptive,0,0.0,0.117842410623056,0.0,0.22128125151911984,0.026076316104699855,dist_lidar,2.225374545454545,-4.144010909090909,-1.2883527272727273
Camera_Degraded,10,Distance-Adaptive,1,0.0,0.48961364805993013,0.0,0.1,0.048961364805993016,dist_lidar,-5.3076625,-16.684325,-0.801425
Camera_Degraded,10,Distance-Adaptive,2,0.0,0.5819854043218099,0.0,0.3357463258882356,0.19539946122162696,dist_lidar,-0.08913478260869566,-22.443100000000005,-1.0042521739130434
Camera_Degraded,10,Temporal Fusion,0,0.0,0.0,0.0,0.0,0.2785246053383671,temporal_fused,12.309510457141801,1.15638340488861,-1.7151542921562866
Camera_Degraded,10,Temporal Fusion,1,0.0,0.0,0.0,0.0,0.2911635440251048,temporal_fused,-7.0421302567180035,13.85736508760761,1.4666014752015941
Camera_Degraded,10,Temporal Fusion,2,0.0,0.0,0.0,0.0,0.31221067777653044,temporal_fused,-3.16075520280283,14.72033432681532,1.559577683801457
Camera_Degraded,10,Proposed Adaptive Fusion,0,0.0,1.0,0.01,0.25138618644784233,0.25138618644784233,adaptive_lidar_fallback,2.225374545454545,-4.144010909090909,-1.2883527272727273
Camera_Degraded,10,Proposed Adaptive Fusion,1,0.0,1.0,0.01,0.3339365814720589,0.3339365814720589,adaptive_lidar_fallback,-0.08913478260869566,-22.443100000000005,-1.0042521739130434
Camera_Degraded,10,Proposed Adaptive Fusion,2,0.0,1.0,0.01,0.36714737970982914,0.36714737970982914,adaptive_lidar_fallback,-0.27674222222222217,-22.44830888888889,2.1523888888888894
Camera_Degraded,20,Camera-Only,0,0.0,0.0,0.0,0.0,0.417606383562088,det,,,
Camera_Degraded,20,LiDAR-Only,0,0.0,1.0,0.0,0.1658570212834509,0.1658570212834509,lidar_only,1.4425847058823533,-4.317843529411763,-0.8898799999999999
Camera_Degraded,20,LiDAR-Only,1,0.0,1.0,0.0,0.16288635326661527,0.16288635326661527,lidar_only,-2.6234428571428574,-22.3871,1.6733357142857144
Camera_Degraded,20,LiDAR-Only,2,0.0,1.0,0.0,0.3190053700713694,0.3190053700713694,lidar_only,-3.3469272727272723,-22.363922727272723,-1.169859090909091
Camera_Degraded,20,Late Fusion (Fixed),0,0.0,0.5,0.0,0.1658570212834509,0.08292851064172545,late_fixed_lidar,1.4425847058823533,-4.317843529411763,-0.8898799999999999
Camera_Degraded,20,Late Fusion (Fixed),1,0.0,0.5,0.0,0.16288635326661527,0.08144317663330763,late_fixed_lidar,-2.6234428571428574,-22.3871,1.6733357142857144
Camera_Degraded,20,Late Fusion (Fixed),2,0.0,0.5,0.0,0.3190053700713694,0.1595026850356847,late_fixed_lidar,-3.3469272727272723,-22.363922727272723,-1.169859090909091
Camera_Degraded,20,Dempster-Shafer,0,0.0,1.0,0.0,0.5829285106417255,0.4663428085133804,ds_lidar,1.4425847058823533,-4.317843529411763,-0.8898799999999999
Camera_Degraded,20,Dempster-Shafer,1,0.0,1.0,0.0,0.49339826155188865,0.3947186092415109,ds_lidar,-2.6234428571428574,-22.3871,1.6733357142857144
Camera_Degraded,20,Dempster-Shafer,2,0.0,1.0,0.0,0.6595026850356847,0.5276021480285478,ds_lidar,-3.3469272727272723,-22.363922727272723,-1.169859090909091
Camera_Degraded,20,Distance-Adaptive,0,0.0,0.11283959561725643,0.0,0.1658570212834509,0.018715239211907292,dist_lidar,1.4425847058823533,-4.317843529411763,-0.8898799999999999
Camera_Degraded,20,Distance-Adaptive,1,0.0,0.5835585618430805,0.0,0.16288635326661527,0.09505372605612997,dist_lidar,-2.6234428571428574,-22.3871,1.6733357142857144
Camera_Degraded,20,Distance-Adaptive,2,0.0,0.584731780233532,0.0,0.3190053700713694,0.18653257794588854,dist_lidar,-3.3469272727272723,-22.363922727272723,-1.169859090909091
Camera_Degraded,20,Temporal Fusion,0,0.0,0.0,0.0,0.0,0.36901067399940446,temporal_fused,12.246511741269579,0.757306017090537,-1.9933232988654812
Camera_Degraded,20,Temporal Fusion,1,0.0,0.0,0.0,0.0,0.3251398659144771,temporal_fused,-6.578719944093145,14.221020160659206,1.4962229995900527
Camera_Degraded,20,Temporal Fusion,2,0.0,0.0,0.0,0.0,0.22155409802770915,temporal_fused,-4.168891698513493,-22.32066622404482,1.0851141179844963
Camera_Degraded,20,Proposed Adaptive Fusion,0,0.0,1.0,0.01,0.29146425532086273,0.29146425532086273,adaptive_lidar_fallback,1.4425847058823533,-4.317843529411763,-0.8898799999999999
Camera_Degraded,20,Proposed Adaptive Fusion,1,0.0,1.0,0.01,0.24669913077594433,0.24669913077594433,adaptive_lidar_fallback,-2.6234428571428574,-22.3871,1.6733357142857144
Camera_Degraded,20,Proposed Adaptive Fusion,2,0.0,1.0,0.01,0.3297513425178423,0.3297513425178423,adaptive_lidar_fallback,-3.3469272727272723,-22.363922727272723,-1.169859090909091
Camera_Degraded,30,Camera-Only,0,0.0,0.0,0.0,0.0,0.2665257751941681,det,,,
Camera_Degraded,30,LiDAR-Only,0,0.0,1.0,0.0,0.10802076657206922,0.10802076657206922,lidar_only,-0.4780757142857144,-4.490657142857141,-0.8825057142857142
Camera_Degraded,30,LiDAR-Only,1,0.0,1.0,0.0,0.7018628540987185,0.7018628540987185,lidar_only,10.210899999999997,-0.9751281250000001,-1.7616000000000003
Camera_Degraded,30,LiDAR-Only,2,0.0,1.0,0.0,0.1,0.1,lidar_only,-4.3225727272727275,-17.1865,1.8888818181818179
Camera_Degraded,30,Late Fusion (Fixed),0,0.5,0.5,0.2665257751941681,0.7018628540987185,0.4841943146464433,late_fixed,10.984128038007599,-0.8726954158869679,-2.0370681626898315
Camera_Degraded,30,Late Fusion (Fixed),1,0.0,0.5,0.0,0.10802076657206922,0.05401038328603461,late_fixed_lidar,-0.4780757142857144,-4.490657142857141,-0.8825057142857142
Camera_Degraded,30,Late Fusion (Fixed),2,0.0,0.5,0.0,0.1,0.05,late_fixed_lidar,-4.3225727272727275,-17.1865,1.8888818181818179
Camera_Degraded,30,Dempster-Shafer,0,0.03636843561015853,0.963630361694524,0.030239109673373312,0.8012256700899674,0.8072364288523681,dempster_shafer,10.267129907622877,-0.9676763174464673,-1.7816345736067967
Camera_Degraded,30,Dempster-Shafer,1,0.0,1.0,0.0,0.5366633086280982,0.4293306469024786,ds_lidar,-0.4780757142857144,-4.490657142857141,-0.8825057142857142
Camera_Degraded,30,Dempster-Shafer,2,0.0,1.0,0.0,0.30742406023832586,0.2459392481906607,ds_lidar,-4.3225727272727275,-17.1865,1.8888818181818179
Camera_Degraded,30,Distance-Adaptive,0,0.6992155073277361,0.3007844926722639,0.2665257751941681,0.7018628540987185,0.3974684176138986,distance_adaptive,11.292206069751028,-0.8318830476611536,-2.1468232222556196
Camera_Degraded,30,Distance-Adaptive,1,0.0,0.11163911681615646,0.0,0.10802076657206922,0.012059342977910004,dist_lidar,-0.4780757142857144,-4.490657142857141,-0.8825057142857142
Camera_Degraded,30,Distance-Adaptive,2,0.0,0.49415811519340047,0.0,0.1,0.04941581151934005,dist_lidar,-4.3225727272727275,-17.1865,1.8888818181818179
Camera_Degraded,30,Temporal Fusion,0,0.0,0.0,0.0,0.0,0.3372665693352802,temporal_fused,10.768559706951569,-0.8089425314224853,-1.9692359336073673
Camera_Degraded,30,Temporal Fusion,1,0.0,0.0,0.0,0.0,0.37022775802927277,temporal_fused,-7.268992238246912,14.71184850473373,1.632229975866784
Camera_Degraded,30,Temporal Fusion,2,0.0,0.0,0.0,0.0,0.3349844873577005,temporal_fused,-1.0323584723817651,14.923888566297359,1.3342005646825696
Camera_Degraded,30,Proposed Adaptive Fusion,0,0.050004294679529084,0.949994705321121,0.010878708718113887,0.4807354020539804,0.4863843303626637,adaptive_fused,10.210899999999997,-0.9751281250000001,-1.7616000000000003
Camera_Degraded,30,Proposed Adaptive Fusion,1,0.0,1.0,0.01,0.2683316543140491,0.2683316543140491,adaptive_lidar_fallback,-0.4780757142857144,-4.490657142857141,-0.8825057142857142
Camera_Degraded,30,Proposed Adaptive Fusion,2,0.0,1.0,0.01,0.15371203011916293,0.15371203011916293,adaptive_lidar_fallback,-4.3225727272727275,-17.1865,1.8888818181818179
Camera_Degraded,40,LiDAR-Only,0,0.0,1.0,0.0,0.260980215606599,0.260980215606599,lidar_only,-2.470446,-4.528032,-1.2408159999999997
Camera_Degraded,40,LiDAR-Only,1,0.0,1.0,0.0,0.9004779422527724,0.9004779422527724,lidar_only,8.348120754716982,-1.0759962264150944,-1.6839018867924533
Camera_Degraded,40,LiDAR-Only,2,0.0,1.0,0.0,0.1,0.1,lidar_only,-7.19435,-22.368779999999997,-0.40359
Camera_Degraded,40,Late Fusion (Fixed),0,0.0,0.5,0.0,0.260980215606599,0.1304901078032995,late_fixed_lidar,-2.470446,-4.528032,-1.2408159999999997
Camera_Degraded,40,Late Fusion (Fixed),1,0.0,0.5,0.0,0.9004779422527724,0.4502389711263862,late_fixed_lidar,8.348120754716982,-1.0759962264150944,-1.6839018867924533
Camera_Degraded,40,Late Fusion (Fixed),2,0.0,0.5,0.0,0.1,0.05,late_fixed_lidar,-7.19435,-22.368779999999997,-0.40359
Camera_Degraded,40,Dempster-Shafer,0,0.0,1.0,0.0,0.5153724581456618,0.41229796651652945,ds_lidar,-2.470446,-4.528032,-1.2408159999999997
Camera_Degraded,40,Dempster-Shafer,1,0.0,1.0,0.0,0.9502389711263862,0.760191176901109,ds_lidar,8.348120754716982,-1.0759962264150944,-1.6839018867924533
Camera_Degraded,40,Dempster-Shafer,2,0.0,1.0,0.0,0.35621568698820477,0.28497254959056384,ds_lidar,-7.19435,-22.368779999999997,-0.40359
Camera_Degraded,40,Distance-Adaptive,0,0.0,0.1329988207659255,0.0,0.260980215606599,0.034710060918914654,dist_lidar,-2.470446,-4.528032,-1.2408159999999997
Camera_Degraded,40,Distance-Adaptive,1,0.0,0.24229361432940133,0.0,0.9004779422527724,0.21818005525232617,dist_lidar,8.348120754716982,-1.0759962264150944,-1.6839018867924533
Camera_Degraded,40,Distance-Adaptive,2,0.0,0.5986318629048953,0.0,0.1,0.059863186290489534,dist_lidar,-7.19435,-22.368779999999997,-0.40359
Camera_Degraded,40,Temporal Fusion,0,0.0,0.0,0.0,0.0,0.41849108952555886,temporal_fused,8.440154101703747,-1.0399366676598845,-1.721383723830974
Camera_Degraded,40,Temporal Fusion,1,0.0,0.0,0.0,0.0,0.37456544971552785,temporal_fused,-7.975951975177643,14.830600931902044,1.5605290231497464
Camera_Degraded,40,Temporal Fusion,2,0.0,0.0,0.0,0.0,0.35627499897252135,temporal_fused,-2.0760985538878822,14.174683583847818,0.7839221389068578
Camera_Degraded,40,Proposed Adaptive Fusion,0,0.0,1.0,0.01,0.2576862290728309,0.2576862290728309,adaptive_lidar_fallback,-2.470446,-4.528032,-1.2408159999999997
Camera_Degraded,40,Proposed Adaptive Fusion,1,0.0,1.0,0.01,0.4751194855631931,0.4751194855631931,adaptive_lidar_fallback,8.348120754716982,-1.0759962264150944,-1.6839018867924533
Camera_Degraded,40,Proposed Adaptive Fusion,2,0.0,1.0,0.01,0.17810784349410239,0.17810784349410239,adaptive_lidar_fallback,-7.19435,-22.368779999999997,-0.40359
Camera_Degraded,50,LiDAR-Only,0,0.0,1.0,0.0,0.2743750200041165,0.2743750200041165,lidar_only,-4.261744999999999,-4.689679999999997,-1.0741425
Camera_Degraded,50,LiDAR-Only,1,0.0,1.0,0.0,0.7193534656550318,0.7193534656550318,lidar_only,6.315695384615386,-0.6313046153846155,-1.6517076923076925
Camera_Degraded,50,LiDAR-Only,2,0.0,1.0,0.0,0.39054507359512625,0.39054507359512625,lidar_only,15.31842,-4.055069999999999,-1.5398
Camera_Degraded,50,Late Fusion (Fixed),0,0.0,0.5,0.0,0.2743750200041165,0.13718751000205825,late_fixed_lidar,-4.261744999999999,-4.689679999999997,-1.0741425
Camera_Degraded,50,Late Fusion (Fixed),1,0.0,0.5,0.0,0.7193534656550318,0.3596767328275159,late_fixed_lidar,6.315695384615386,-0.6313046153846155,-1.6517076923076925
Camera_Degraded,50,Late Fusion (Fixed),2,0.0,0.5,0.0,0.39054507359512625,0.19527253679756312,late_fixed_lidar,15.31842,-4.055069999999999,-1.5398
Camera_Degraded,50,Dempster-Shafer,0,0.0,1.0,0.0,0.504029619527548,0.4032236956220384,ds_lidar,-4.261744999999999,-4.689679999999997,-1.0741425
Camera_Degraded,50,Dempster-Shafer,1,0.0,1.0,0.0,0.8596767328275159,0.6877413862620128,ds_lidar,6.315695384615386,-0.6313046153846155,-1.6517076923076925
Camera_Degraded,50,Dempster-Shafer,2,0.0,1.0,0.0,0.4058482735757034,0.32467861886056276,ds_lidar,15.31842,-4.055069999999999,-1.5398
Camera_Degraded,50,Distance-Adaptive,0,0.0,0.17278925992356597,0.0,0.2743750200041165,0.0474090566480249,dist_lidar,-4.261744999999999,-4.689679999999997,-1.0741425
Camera_Degraded,50,Distance-Adaptive,1,0.0,0.17313864859092265,0.0,0.7193534656550318,0.12454788690270889,dist_lidar,6.315695384615386,-0.6313046153846155,-1.6517076923076925
Camera_Degraded,50,Distance-Adaptive,2,0.0,0.45235093562413375,0.0,0.39054507359512625,0.17666342944415153,dist_lidar,15.31842,-4.055069999999999,-1.5398
Camera_Degraded,50,Temporal Fusion,0,0.0,0.0,0.0,0.0,0.37413455250863237,temporal_fused,6.629976383244361,-0.5114855967419346,-1.863343493135229
Camera_Degraded,50,Temporal Fusion,1,0.0,0.0,0.0,0.0,0.3583065848962495,temporal_fused,-11.301248056115607,14.125207085297138,1.6317069184820645
Camera_Degraded,50,Temporal Fusion,2,0.0,0.0,0.0,0.0,0.36211198772422193,temporal_fused,-4.52539152407862,15.355054014456849,0.6573105789308776
Camera_Degraded,50,Proposed Adaptive Fusion,0,0.0,1.0,0.01,0.252014809763774,0.252014809763774,adaptive_lidar_fallback,-4.261744999999999,-4.689679999999997,-1.0741425
Camera_Degraded,50,Proposed Adaptive Fusion,1,0.0,1.0,0.01,0.42983836641375794,0.42983836641375794,adaptive_lidar_fallback,6.315695384615386,-0.6313046153846155,-1.6517076923076925
Camera_Degraded,50,Proposed Adaptive Fusion,2,0.0,1.0,0.01,0.2029241367878517,0.2029241367878517,adaptive_lidar_fallback,15.31842,-4.055069999999999,-1.5398
Camera_Degraded,60,LiDAR-Only,0,0.0,1.0,0.0,0.8248317895471914,0.8248317895471914,lidar_only,4.581413223140496,-0.6348528925619834,-1.6640495867768603
Camera_Degraded,60,LiDAR-Only,1,0.0,1.0,0.0,0.1,0.1,lidar_only,-5.920168749999999,-4.670612499999999,-2.0051437500000002
Camera_Degraded,60,LiDAR-Only,2,0.0,1.0,0.0,0.1,0.1,lidar_only,-5.935135294117647,-4.776005882352941,0.363429411764706
Camera_Degraded,60,Late Fusion (Fixed),0,0.0,0.5,0.0,0.8248317895471914,0.4124158947735957,late_fixed_lidar,4.581413223140496,-0.6348528925619834,-1.6640495867768603
Camera_Degraded,60,Late Fusion (Fixed),1,0.0,0.5,0.0,0.1,0.05,late_fixed_lidar,-5.920168749999999,-4.670612499999999,-2.0051437500000002
Camera_Degraded,60,Late Fusion (Fixed),2,0.0,0.5,0.0,0.1,0.05,late_fixed_lidar,-5.935135294117647,-4.776005882352941,0.363429411764706
Camera_Degraded,60,Dempster-Shafer,0,0.0,1.0,0.0,0.9124158947735956,0.7299327158188765,ds_lidar,4.581413223140496,-0.6348528925619834,-1.6640495867768603
Camera_Degraded,60,Dempster-Shafer,1,0.0,1.0,0.0,0.2208151440056771,0.1766521152045417,ds_lidar,-5.920168749999999,-4.670612499999999,-2.0051437500000002
Camera_Degraded,60,Dempster-Shafer,2,0.0,1.0,0.0,0.23313548349112795,0.18650838679290238,ds_lidar,-5.935135294117647,-4.776005882352941,0.363429411764706
Camera_Degraded,60,Distance-Adaptive,0,0.0,0.11524185048081925,0.0,0.8248317895471914,0.09505514176282401,dist_lidar,4.581413223140496,-0.6348528925619834,-1.6640495867768603
Camera_Degraded,60,Distance-Adaptive,1,0.0,0.21331235411724225,0.0,0.1,0.021331235411724228,dist_lidar,-5.920168749999999,-4.670612499999999,-2.0051437500000002
Camera_Degraded,60,Distance-Adaptive,2,0.0,0.21589357319469538,0.0,0.1,0.021589357319469538,dist_lidar,-5.935135294117647,-4.776005882352941,0.363429411764706
Camera_Degraded,60,Temporal Fusion,0,0.0,0.0,0.0,0.0,0.41685867315706515,temporal_fused,-5.984241990112038,15.429031545035198,0.8180709911835498
Camera_Degraded,60,Temporal Fusion,1,0.0,0.0,0.0,0.0,0.24689361462046058,temporal_fused,-8.09450766114525,13.913178868638637,2.1085858934874793
Camera_Degraded,60,Temporal Fusion,2,0.0,0.0,0.0,0.0,0.39689421908390793,temporal_fused,4.592231378303023,-0.6343366938595908,-1.6598239090027322
Camera_Degraded,60,Proposed Adaptive Fusion,0,0.0,1.0,0.01,0.4562079473867978,0.4562079473867978,adaptive_lidar_fallback,4.581413223140496,-0.6348528925619834,-1.6640495867768603
Camera_Degraded,60,Proposed Adaptive Fusion,1,0.0,1.0,0.01,0.3734998035936873,0.3734998035936873,adaptive_lidar_fallback,13.770728571428574,-3.8074285714285714,-1.6032380952380951
LiDAR_Degraded,0,Camera-Only,0,0.0,0.0,0.0,0.0,0.8354418277740479,det,,,
LiDAR_Degraded,0,Camera-Only,1,0.0,0.0,0.0,0.0,0.6593651175498962,det,,,
LiDAR_Degraded,0,Camera-Only,2,0.0,0.0,0.0,0.0,0.5955885648727417,det,,,
LiDAR_Degraded,0,LiDAR-Only,0,0.0,1.0,0.0,0.2844134501489154,0.2844134501489154,lidar_only,2.640662452667712,-3.491243837377583,-2.056783999457602
LiDAR_Degraded,0,LiDAR-Only,1,0.0,1.0,0.0,0.716781447581241,0.716781447581241,lidar_only,-5.026097907410605,-1.9749126890775803,-2.120833511044053
LiDAR_Degraded,0,LiDAR-Only,2,0.0,1.0,0.0,0.6880520261886134,0.6880520261886134,lidar_only,5.535766947523026,-1.3858870697344863,-2.296522471162206
LiDAR_Degraded,0,Late Fusion (Fixed),0,0.0,0.5,0.0,0.2844134501489154,0.1422067250744577,late_fixed_lidar,2.640662452667712,-3.491243837377583,-2.056783999457602
LiDAR_Degraded,0,Late Fusion (Fixed),1,0.0,0.5,0.0,0.716781447581241,0.3583907237906205,late_fixed_lidar,-5.026097907410605,-1.9749126890775803,-2.120833511044053
LiDAR_Degraded,0,Late Fusion (Fixed),2,0.0,0.5,0.0,0.6880520261886134,0.3440260130943067,late_fixed_lidar,5.535766947523026,-1.3858870697344863,-2.296522471162206
LiDAR_Degraded,0,Dempster-Shafer,0,0.0,1.0,0.0,0.05638686582932922,0.045109492663463376,ds_lidar,2.640662452667712,-3.491243837377583,-2.056783999457602
LiDAR_Degraded,0,Dempster-Shafer,1,0.0,1.0,0.0,0.11796053147192317,0.09436842517753855,ds_lidar,-5.026097907410605,-1.9749126890775803,-2.120833511044053
LiDAR_Degraded,0,Dempster-Shafer,2,0.0,1.0,0.0,0.11107210272656329,0.08885768218125063,ds_lidar,5.535766947523026,-1.3858870697344863,-2.296522471162206
LiDAR_Degraded,0,Distance-Adaptive,0,0.0,0.10708529422384694,0.0,0.2844134501489154,0.03045649799041603,dist_lidar,2.640662452667712,-3.491243837377583,-2.056783999457602
LiDAR_Degraded,0,Distance-Adaptive,1,0.0,0.14113325059884874,0.0,0.716781447581241,0.10116169566608885,dist_lidar,-5.026097907410605,-1.9749126890775803,-2.120833511044053
LiDAR_Degraded,0,Distance-Adaptive,2,0.0,0.1514697389329347,0.0,0.6880520261886134,0.10421906077906601,dist_lidar,5.535766947523026,-1.3858870697344863,-2.296522471162206
LiDAR_Degraded,10,Camera-Only,0,0.0,0.0,0.0,0.0,0.8452799320220947,det,,,
LiDAR_Degraded,10,Camera-Only,1,0.0,0.0,0.0,0.0,0.6627030968666077,det,,,
LiDAR_Degraded,10,Camera-Only,2,0.0,0.0,0.0,0.0,0.5890331864356995,det,,,
LiDAR_Degraded,10,Temporal Fusion,0,0.0,0.0,0.0,0.0,0.3347047207920045,temporal_fused,1.9293809269617477,-4.203786748502899,-2.124475401545408
LiDAR_Degraded,20,Camera-Only,0,0.0,0.0,0.0,0.0,0.8613378405570984,det,,,
LiDAR_Degraded,20,Camera-Only,1,0.0,0.0,0.0,0.0,0.6853788495063782,det,,,
LiDAR_Degraded,20,Camera-Only,2,0.0,0.0,0.0,0.0,0.6372888088226318,det,,,
LiDAR_Degraded,20,LiDAR-Only,0,0.0,1.0,0.0,0.34618105286039985,0.34618105286039985,lidar_only,1.2784658348994062,-4.157417242605998,-0.4684263326806749
LiDAR_Degraded,20,Late Fusion (Fixed),0,0.0,0.5,0.0,0.34618105286039985,0.17309052643019993,late_fixed_lidar,1.2784658348994062,-4.157417242605998,-0.4684263326806749
LiDAR_Degraded,20,Dempster-Shafer,0,0.0,1.0,0.0,0.06321346613441495,0.05057077290753196,ds_lidar,1.2784658348994062,-4.157417242605998,-0.4684263326806749
LiDAR_Degraded,20,Distance-Adaptive,0,0.0,0.10617239883014007,0.0,0.34618105286039985,0.036754872811732175,dist_lidar,1.2784658348994062,-4.157417242605998,-0.4684263326806749
LiDAR_Degraded,20,Temporal Fusion,0,0.0,0.0,0.0,0.0,0.3304556601023462,temporal_fused,-2.0308500486159544,4.722034547412377,-2.644111527764719
LiDAR_Degraded,30,Camera-Only,0,0.0,0.0,0.0,0.0,0.855445146560669,det,,,
LiDAR_Degraded,30,Camera-Only,1,0.0,0.0,0.0,0.0,0.7122951745986938,det,,,
LiDAR_Degraded,30,Camera-Only,2,0.0,0.0,0.0,0.0,0.6741661429405212,det,,,
LiDAR_Degraded,40,Camera-Only,0,0.0,0.0,0.0,0.0,0.9005837440490723,det,,,
LiDAR_Degraded,40,Camera-Only,1,0.0,0.0,0.0,0.0,0.7902342081069946,det,,,
LiDAR_Degraded,40,Camera-Only,2,0.0,0.0,0.0,0.0,0.7558078169822693,det,,,
LiDAR_Degraded,40,LiDAR-Only,0,0.0,1.0,0.0,0.49199266691310817,0.49199266691310817,lidar_only,-3.60519141415975,-3.0742962897139314,-2.1747363277006353
LiDAR_Degraded,40,LiDAR-Only,1,0.0,1.0,0.0,0.15553530980506422,0.15553530980506422,lidar_only,-2.4848006128783564,-4.374498517212443,-1.810042464189149
LiDAR_Degraded,40,Late Fusion (Fixed),0,0.0,0.5,0.0,0.49199266691310817,0.24599633345655408,late_fixed_lidar,-3.60519141415975,-3.0742962897139314,-2.1747363277006353
LiDAR_Degraded,40,Late Fusion (Fixed),1,0.0,0.5,0.0,0.15553530980506422,0.07776765490253211,late_fixed_lidar,-2.4848006128783564,-4.374498517212443,-1.810042464189149
LiDAR_Degraded,40,Dempster-Shafer,0,0.0,1.0,0.0,0.08281705403179096,0.06625364322543277,ds_lidar,-3.60519141415975,-3.0742962897139314,-2.1747363277006353
LiDAR_Degraded,40,Dempster-Shafer,1,0.0,1.0,0.0,0.039414054964853285,0.03153124397188263,ds_lidar,-2.4848006128783564,-4.374498517212443,-1.810042464189149
LiDAR_Degraded,40,Distance-Adaptive,0,0.0,0.11897915113559265,0.0,0.49199266691310817,0.05853686987425799,dist_lidar,-3.60519141415975,-3.0742962897139314,-2.1747363277006353
LiDAR_Degraded,40,Distance-Adaptive,1,0.0,0.12874017775811153,0.0,0.15553530980506422,0.020023643431966914,dist_lidar,-2.4848006128783564,-4.374498517212443,-1.810042464189149
LiDAR_Degraded,50,Camera-Only,0,0.0,0.0,0.0,0.0,0.8478620648384094,det,,,
LiDAR_Degraded,50,Camera-Only,1,0.0,0.0,0.0,0.0,0.8393945097923279,det,,,
LiDAR_Degraded,50,Camera-Only,2,0.0,0.0,0.0,0.0,0.8054687976837158,det,,,
LiDAR_Degraded,60,Camera-Only,0,0.0,0.0,0.0,0.0,0.9406607151031494,det,,,
LiDAR_Degraded,60,Camera-Only,1,0.0,0.0,0.0,0.0,0.8408942222595215,det,,,
LiDAR_Degraded,60,Camera-Only,2,0.0,0.0,0.0,0.0,0.8040767312049866,det,,,
LiDAR_Degraded,60,LiDAR-Only,0,0.0,1.0,0.0,0.3031749278056199,0.3031749278056199,lidar_only,-0.91843594366231,-5.564784648416792,-2.8667980289339683
LiDAR_Degraded,60,Late Fusion (Fixed),0,0.0,0.5,0.0,0.3031749278056199,0.15158746390280994,late_fixed_lidar,-0.91843594366231,-5.564784648416792,-2.8667980289339683
LiDAR_Degraded,60,Dempster-Shafer,0,0.0,1.0,0.0,0.05909401058585283,0.047275208468682266,ds_lidar,-0.91843594366231,-5.564784648416792,-2.8667980289339683
LiDAR_Degraded,60,Distance-Adaptive,0,0.0,0.14922229260027997,0.0,0.3031749278056199,0.045240457786078964,dist_lidar,-0.91843594366231,-5.564784648416792,-2.8667980289339683
LiDAR_Degraded,60,Temporal Fusion,0,0.0,0.0,0.0,0.0,0.27162815371808235,temporal_fused,-3.974374007831473,-3.660717846497055,-2.597434829230671
Camera_Outage,0,LiDAR-Only,0,0.0,1.0,0.0,0.23655522105427831,0.23655522105427831,lidar_only,2.2303422222222213,-4.167415555555555,-0.943471111111111
Camera_Outage,0,LiDAR-Only,1,0.0,1.0,0.0,0.10497777119388957,0.10497777119388957,lidar_only,0.462575,-22.4796,2.8408999999999995
Camera_Outage,0,LiDAR-Only,2,0.0,1.0,0.0,0.454644717438321,0.454644717438321,lidar_only,-2.6594055555555554,-22.43557314814815,1.123573148148148
Camera_Outage,0,Late Fusion (Fixed),0,0.0,0.5,0.0,0.23655522105427831,0.11827761052713916,late_fixed_lidar,2.2303422222222213,-4.167415555555555,-0.943471111111111
Camera_Outage,0,Late Fusion (Fixed),1,0.0,0.5,0.0,0.10497777119388957,0.052488885596944784,late_fixed_lidar,0.462575,-22.4796,2.8408999999999995
Camera_Outage,0,Late Fusion (Fixed),2,0.0,0.5,0.0,0.454644717438321,0.2273223587191605,late_fixed_lidar,-2.6594055555555554,-22.43557314814815,1.123573148148148
Camera_Outage,0,Dempster-Shafer,0,0.0,1.0,0.0,0.440404996955222,0.35232399756417765,ds_lidar,2.2303422222222213,-4.167415555555555,-0.943471111111111
Camera_Outage,0,Dempster-Shafer,1,0.0,1.0,0.0,0.40475426797837244,0.323803414382698,ds_lidar,0.462575,-22.4796,2.8408999999999995
Camera_Outage,0,Dempster-Shafer,2,0.0,1.0,0.0,0.7273223587191605,0.5818578869753285,ds_lidar,-2.6594055555555554,-22.43557314814815,1.123573148148148
Camera_Outage,0,Distance-Adaptive,0,0.0,0.1186043111793108,0.0,0.23655522105427831,0.02805646904901228,dist_lidar,2.2303422222222213,-4.167415555555555,-0.943471111111111
Camera_Outage,0,Distance-Adaptive,1,0.0,0.582652615199849,0.0,0.10497777119388957,0.06116557292397113,dist_lidar,0.462575,-22.4796,2.8408999999999995
Camera_Outage,0,Distance-Adaptive,2,0.0,0.5844039404686203,0.0,0.454644717438321,0.26569616438419724,dist_lidar,-2.6594055555555554,-22.43557314814815,1.123573148148148
Camera_Outage,0,Proposed Adaptive Fusion,0,0.0,1.0,0.01,0.220202498477611,0.220202498477611,adaptive_lidar_fallback,2.2303422222222213,-4.167415555555555,-0.943471111111111
Camera_Outage,0,Proposed Adaptive Fusion,1,0.0,1.0,0.01,0.20237713398918622,0.20237713398918622,adaptive_lidar_fallback,0.462575,-22.4796,2.8408999999999995
Camera_Outage,0,Proposed Adaptive Fusion,2,0.0,1.0,0.01,0.36366117935958026,0.36366117935958026,adaptive_lidar_fallback,-2.6594055555555554,-22.43557314814815,1.123573148148148
Camera_Outage,10,LiDAR-Only,0,0.0,1.0,0.0,0.22128125151911984,0.22128125151911984,lidar_only,2.225374545454545,-4.144010909090909,-1.2883527272727273
Camera_Outage,10,LiDAR-Only,1,0.0,1.0,0.0,0.1,0.1,lidar_only,-5.3076625,-16.684325,-0.801425
Camera_Outage,10,LiDAR-Only,2,0.0,1.0,0.0,0.3118255266716909,0.3118255266716909,lidar_only,0.07029,-22.447080000000003,-0.8712249999999999
Camera_Outage,10,Late Fusion (Fixed),0,0.0,0.5,0.0,0.22128125151911984,0.11064062575955992,late_fixed_lidar,2.225374545454545,-4.144010909090909,-1.2883527272727273
Camera_Outage,10,Late Fusion (Fixed),1,0.0,0.5,0.0,0.1,0.05,late_fixed_lidar,-5.3076625,-16.684325,-0.801425
Camera_Outage,10,Late Fusion (Fixed),2,0.0,0.5,0.0,0.3118255266716909,0.15591276333584544,late_fixed_lidar,0.07029,-22.447080000000003,-0.8712249999999999
Camera_Outage,10,Dempster-Shafer,0,0.0,1.0,0.0,0.5027723728956847,0.40221789831654775,ds_lidar,2.225374545454545,-4.144010909090909,-1.2883527272727273
Camera_Outage,10,Dempster-Shafer,1,0.0,1.0,0.0,0.2350822612144164,0.18806580897153313,ds_lidar,-5.3076625,-16.684325,-0.801425
Camera_Outage,10,Dempster-Shafer,2,0.0,1.0,0.0,0.6559127633358455,0.5247302106686764,ds_lidar,0.07029,-22.447080000000003,-0.8712249999999999
Camera_Outage,10,Distance-Adaptive,0,0.0,0.117842410623056,0.0,0.22128125151911984,0.026076316104699855,dist_lidar,2.225374545454545,-4.144010909090909,-1.2883527272727273
Camera_Outage,10,Distance-Adaptive,1,0.0,0.48961364805993013,0.0,0.1,0.048961364805993016,dist_lidar,-5.3076625,-16.684325,-0.801425
Camera_Outage,10,Distance-Adaptive,2,0.0,0.5820490218262109,0.0,0.3118255266716909,0.1814977427797007,dist_lidar,0.07029,-22.447080000000003,-0.8712249999999999
Camera_Outage,10,Temporal Fusion,0,0.0,0.0,0.0,0.0,0.2785246053383671,temporal_fused,12.309510457141801,1.15638340488861,-1.7151542921562866
Camera_Outage,10,Temporal Fusion,1,0.0,0.0,0.0,0.0,0.2911635440251048,temporal_fused,-7.0421302567180035,13.85736508760761,1.4666014752015941
Camera_Outage,10,Temporal Fusion,2,0.0,0.0,0.0,0.0,0.31221067777653044,temporal_fused,-3.16075520280283,14.72033432681532,1.559577683801457
Camera_Outage,10,Proposed Adaptive Fusion,0,0.0,1.0,0.01,0.25138618644784233,0.25138618644784233,adaptive_lidar_fallback,2.225374545454545,-4.144010909090909,-1.2883527272727273
Camera_Outage,10,Proposed Adaptive Fusion,1,0.0,1.0,0.01,0.32795638166792274,0.32795638166792274,adaptive_lidar_fallback,0.07029,-22.447080000000003,-0.8712249999999999
Camera_Outage,10,Proposed Adaptive Fusion,2,0.0,1.0,0.01,0.36714737970982914,0.36714737970982914,adaptive_lidar_fallback,-0.27674222222222217,-22.44830888888889,2.1523888888888894
Camera_Outage,20,LiDAR-Only,0,0.0,1.0,0.0,0.20770152731959501,0.20770152731959501,lidar_only,1.4421505494505498,-4.30614835164835,-0.9821230769230771
Camera_Outage,20,LiDAR-Only,1,0.0,1.0,0.0,0.16288635326661527,0.16288635326661527,lidar_only,-2.6234428571428574,-22.3871,1.6733357142857144
Camera_Outage,20,LiDAR-Only,2,0.0,1.0,0.0,0.3190053700713694,0.3190053700713694,lidar_only,-3.3469272727272723,-22.363922727272723,-1.169859090909091
Camera_Outage,20,Late Fusion (Fixed),0,0.0,0.5,0.0,0.20770152731959501,0.10385076365979751,late_fixed_lidar,1.4421505494505498,-4.30614835164835,-0.9821230769230771
Camera_Outage,20,Late Fusion (Fixed),1,0.0,0.5,0.0,0.16288635326661527,0.08144317663330763,late_fixed_lidar,-2.6234428571428574,-22.3871,1.6733357142857144
Camera_Outage,20,Late Fusion (Fixed),2,0.0,0.5,0.0,0.3190053700713694,0.1595026850356847,late_fixed_lidar,-3.3469272727272723,-22.363922727272723,-1.169859090909091
Camera_Outage,20,Dempster-Shafer,0,0.0,1.0,0.0,0.6038507636597975,0.48308061092783805,ds_lidar,1.4421505494505498,-4.30614835164835,-0.9821230769230771
Camera_Outage,20,Dempster-Shafer,1,0.0,1.0,0.0,0.49339826155188865,0.3947186092415109,ds_lidar,-2.6234428571428574,-22.3871,1.6733357142857144
Camera_Outage,20,Dempster-Shafer,2,0.0,1.0,0.0,0.6595026850356847,0.5276021480285478,ds_lidar,-3.3469272727272723,-22.363922727272723,-1.169859090909091
Camera_Outage,20,Distance-Adaptive,0,0.0,0.11246929185904253,0.0,0.20770152731959501,0.023360043695676427,dist_lidar,1.4421505494505498,-4.30614835164835,-0.9821230769230771
Camera_Outage,20,Distance-Adaptive,1,0.0,0.5835585618430805,0.0,0.16288635326661527,0.09505372605612997,dist_lidar,-2.6234428571428574,-22.3871,1.6733357142857144
Camera_Outage,20,Distance-Adaptive,2,0.0,0.584731780233532,0.0,0.3190053700713694,0.18653257794588854,dist_lidar,-3.3469272727272723,-22.363922727272723,-1.169859090909091
Camera_Outage,20,Temporal Fusion,0,0.0,0.0,0.0,0.0,0.2948756487144431,temporal_fused,11.566134716185907,0.8131593533730302,-1.7994708276169014
Camera_Outage,20,Temporal Fusion,1,0.0,0.0,0.0,0.0,0.3251398659144771,temporal_fused,-6.578719944093145,14.221020160659206,1.4962229995900527
Camera_Outage,20,Temporal Fusion,2,0.0,0.0,0.0,0.0,0.22155409802770915,temporal_fused,-4.168891698513493,-22.32066622404482,1.0851141179844963
Camera_Outage,20,Proposed Adaptive Fusion,0,0.0,1.0,0.01,0.30192538182989875,0.30192538182989875,adaptive_lidar_fallback,1.4421505494505498,-4.30614835164835,-0.9821230769230771
Camera_Outage,20,Proposed Adaptive Fusion,1,0.0,1.0,0.01,0.24669913077594433,0.24669913077594433,adaptive_lidar_fallback,-2.6234428571428574,-22.3871,1.6733357142857144
Camera_Outage,20,Proposed Adaptive Fusion,2,0.0,1.0,0.01,0.3297513425178423,0.3297513425178423,adaptive_lidar_fallback,-3.3469272727272723,-22.363922727272723,-1.169859090909091
Camera_Outage,30,LiDAR-Only,0,0.0,1.0,0.0,0.10802076657206922,0.10802076657206922,lidar_only,-0.4780757142857144,-4.490657142857141,-0.8825057142857142
Camera_Outage,30,LiDAR-Only,1,0.0,1.0,0.0,0.7018628540987185,0.7018628540987185,lidar_only,10.210899999999997,-0.9751281250000001,-1.7616000000000003
Camera_Outage,30,LiDAR-Only,2,0.0,1.0,0.0,0.1,0.1,lidar_only,-4.3225727272727275,-17.1865,1.8888818181818179
Camera_Outage,30,Late Fusion (Fixed),0,0.0,0.5,0.0,0.10802076657206922,0.05401038328603461,late_fixed_lidar,-0.4780757142857144,-4.490657142857141,-0.8825057142857142
Camera_Outage,30,Late Fusion (Fixed),1,0.0,0.5,0.0,0.7018628540987185,0.35093142704935926,late_fixed_lidar,10.210899999999997,-0.9751281250000001,-1.7616000000000003
Camera_Outage,30,Late Fusion (Fixed),2,0.0,0.5,0.0,0.1,0.05,late_fixed_lidar,-4.3225727272727275,-17.1865,1.8888818181818179
Camera_Outage,30,Dempster-Shafer,0,0.0,1.0,0.0,0.5366633086280982,0.4293306469024786,ds_lidar,-0.4780757142857144,-4.490657142857141,-0.8825057142857142
Camera_Outage,30,Dempster-Shafer,1,0.0,1.0,0.0,0.8012256700899674,0.6409805360719739,ds_lidar,10.210899999999997,-0.9751281250000001,-1.7616000000000003
Camera_Outage,30,Dempster-Shafer,2,0.0,1.0,0.0,0.30742406023832586,0.2459392481906607,ds_lidar,-4.3225727272727275,-17.1865,1.8888818181818179
Camera_Outage,30,Distance-Adaptive,0,0.0,0.11163911681615646,0.0,0.10802076657206922,0.012059342977910004,dist_lidar,-0.4780757142857144,-4.490657142857141,-0.8825057142857142
Camera_Outage,30,Distance-Adaptive,1,0.0,0.3007844926722639,0.0,0.7018628540987185,0.21110946249559023,dist_lidar,10.210899999999997,-0.9751281250000001,-1.7616000000000003
Camera_Outage,30,Distance-Adaptive,2,0.0,0.49415811519340047,0.0,0.1,0.04941581151934005,dist_lidar,-4.3225727272727275,-17.1865,1.8888818181818179
Camera_Outage,30,Temporal Fusion,0,0.0,0.0,0.0,0.0,0.37022775802927277,temporal_fused,-7.268992238246912,14.71184850473373,1.632229975866784
Camera_Outage,30,Temporal Fusion,1,0.0,0.0,0.0,0.0,0.3349844873577005,temporal_fused,-1.0323584723817651,14.923888566297359,1.3342005646825696
Camera_Outage,30,Temporal Fusion,2,0.0,0.0,0.0,0.0,0.23633741783509127,temporal_fused,-7.446540587722296,-21.87964720405713,1.0484174804199238
Camera_Outage,30,Proposed Adaptive Fusion,0,0.0,1.0,0.01,0.2683316543140491,0.2683316543140491,adaptive_lidar_fallback,-0.4780757142857144,-4.490657142857141,-0.8825057142857142
Camera_Outage,30,Proposed Adaptive Fusion,1,0.0,1.0,0.01,0.4006128350449837,0.4006128350449837,adaptive_lidar_fallback,10.210899999999997,-0.9751281250000001,-1.7616000000000003
Camera_Outage,30,Proposed Adaptive Fusion,2,0.0,1.0,0.01,0.15371203011916293,0.15371203011916293,adaptive_lidar_fallback,-4.3225727272727275,-17.1865,1.8888818181818179
Camera_Outage,40,LiDAR-Only,0,0.0,1.0,0.0,0.260980215606599,0.260980215606599,lidar_only,-2.470446,-4.528032,-1.2408159999999997
Camera_Outage,40,LiDAR-Only,1,0.0,1.0,0.0,0.9004779422527724,0.9004779422527724,lidar_only,8.348120754716982,-1.0759962264150944,-1.6839018867924533
Camera_Outage,40,LiDAR-Only,2,0.0,1.0,0.0,0.1,0.1,lidar_only,-7.19435,-22.368779999999997,-0.40359
Camera_Outage,40,Late Fusion (Fixed),0,0.0,0.5,0.0,0.260980215606599,0.1304901078032995,late_fixed_lidar,-2.470446,-4.528032,-1.2408159999999997
Camera_Outage,40,Late Fusion (Fixed),1,0.0,0.5,0.0,0.9004779422527724,0.4502389711263862,late_fixed_lidar,8.348120754716982,-1.0759962264150944,-1.6839018867924533
Camera_Outage,40,Late Fusion (Fixed),2,0.0,0.5,0.0,0.1,0.05,late_fixed_lidar,-7.19435,-22.368779999999997,-0.40359
Camera_Outage,40,Dempster-Shafer,0,0.0,1.0,0.0,0.5153724581456618,0.41229796651652945,ds_lidar,-2.470446,-4.528032,-1.2408159999999997
Camera_Outage,40,Dempster-Shafer,1,0.0,1.0,0.0,0.9502389711263862,0.760191176901109,ds_lidar,8.348120754716982,-1.0759962264150944,-1.6839018867924533
Camera_Outage,40,Dempster-Shafer,2,0.0,1.0,0.0,0.35621568698820477,0.28497254959056384,ds_lidar,-7.19435,-22.368779999999997,-0.40359
Camera_Outage,40,Distance-Adaptive,0,0.0,0.1329988207659255,0.0,0.260980215606599,0.034710060918914654,dist_lidar,-2.470446,-4.528032,-1.2408159999999997
Camera_Outage,40,Distance-Adaptive,1,0.0,0.24229361432940133,0.0,0.9004779422527724,0.21818005525232617,dist_lidar,8.348120754716982,-1.0759962264150944,-1.6839018867924533
Camera_Outage,40,Distance-Adaptive,2,0.0,0.5986318629048953,0.0,0.1,0.059863186290489534,dist_lidar,-7.19435,-22.368779999999997,-0.40359
Camera_Outage,40,Temporal Fusion,0,0.0,0.0,0.0,0.0,0.37456544971552785,temporal_fused,-7.975951975177643,14.830600931902044,1.5605290231497464
Camera_Outage,40,Temporal Fusion,1,0.0,0.0,0.0,0.0,0.35627499897252135,temporal_fused,-2.0760985538878822,14.174683583847818,0.7839221389068578
Camera_Outage,40,Temporal Fusion,2,0.0,0.0,0.0,0.0,0.39456588011846283,temporal_fused,8.35812558440576,-1.0394469553629906,-1.6909519132672446
Camera_Outage,40,Proposed Adaptive Fusion,0,0.0,1.0,0.01,0.2576862290728309,0.2576862290728309,adaptive_lidar_fallback,-2.470446,-4.528032,-1.2408159999999997
Camera_Outage,40,Proposed Adaptive Fusion,1,0.0,1.0,0.01,0.4751194855631931,0.4751194855631931,adaptive_lidar_fallback,8.348120754716982,-1.0759962264150944,-1.6839018867924533
Camera_Outage,40,Proposed Adaptive Fusion,2,0.0,1.0,0.01,0.17810784349410239,0.17810784349410239,adaptive_lidar_fallback,-7.19435,-22.368779999999997,-0.40359
Camera_Outage,50,LiDAR-Only,0,0.0,1.0,0.0,0.2743750200041165,0.2743750200041165,lidar_only,-4.261744999999999,-4.689679999999997,-1.0741425
Camera_Outage,50,LiDAR-Only,1,0.0,1.0,0.0,0.7193534656550318,0.7193534656550318,lidar_only,6.315695384615386,-0.6313046153846155,-1.6517076923076925
Camera_Outage,50,LiDAR-Only,2,0.0,1.0,0.0,0.39054507359512625,0.39054507359512625,lidar_only,15.31842,-4.055069999999999,-1.5398
Camera_Outage,50,Late Fusion (Fixed),0,0.0,0.5,0.0,0.2743750200041165,0.13718751000205825,late_fixed_lidar,-4.261744999999999,-4.689679999999997,-1.0741425
Camera_Outage,50,Late Fusion (Fixed),1,0.0,0.5,0.0,0.7193534656550318,0.3596767328275159,late_fixed_lidar,6.315695384615386,-0.6313046153846155,-1.6517076923076925
Camera_Outage,50,Late Fusion (Fixed),2,0.0,0.5,0.0,0.39054507359512625,0.19527253679756312,late_fixed_lidar,15.31842,-4.055069999999999,-1.5398
Camera_Outage,50,Dempster-Shafer,0,0.0,1.0,0.0,0.504029619527548,0.4032236956220384,ds_lidar,-4.261744999999999,-4.689679999999997,-1.0741425
Camera_Outage,50,Dempster-Shafer,1,0.0,1.0,0.0,0.8596767328275159,0.6877413862620128,ds_lidar,6.315695384615386,-0.6313046153846155,-1.6517076923076925
Camera_Outage,50,Dempster-Shafer,2,0.0,1.0,0.0,0.4058482735757034,0.32467861886056276,ds_lidar,15.31842,-4.055069999999999,-1.5398
Camera_Outage,50,Distance-Adaptive,0,0.0,0.17278925992356597,0.0,0.2743750200041165,0.0474090566480249,dist_lidar,-4.261744999999999,-4.689679999999997,-1.0741425
Camera_Outage,50,Distance-Adaptive,1,0.0,0.17313864859092265,0.0,0.7193534656550318,0.12454788690270889,dist_lidar,6.315695384615386,-0.6313046153846155,-1.6517076923076925
Camera_Outage,50,Distance-Adaptive,2,0.0,0.45235093562413375,0.0,0.39054507359512625,0.17666342944415153,dist_lidar,15.31842,-4.055069999999999,-1.5398
Camera_Outage,50,Temporal Fusion,0,0.0,0.0,0.0,0.0,0.3583065848962495,temporal_fused,-11.301248056115607,14.125207085297138,1.6317069184820645
Camera_Outage,50,Temporal Fusion,1,0.0,0.0,0.0,0.0,0.3804343714596209,temporal_fused,6.312311300136365,-0.6252115372166763,-1.6632171565147398
Camera_Outage,50,Temporal Fusion,2,0.0,0.0,0.0,0.0,0.36211198772422193,temporal_fused,-4.52539152407862,15.355054014456849,0.6573105789308776
Camera_Outage,50,Proposed Adaptive Fusion,0,0.0,1.0,0.01,0.252014809763774,0.252014809763774,adaptive_lidar_fallback,-4.261744999999999,-4.689679999999997,-1.0741425
Camera_Outage,50,Proposed Adaptive Fusion,1,0.0,1.0,0.01,0.42983836641375794,0.42983836641375794,adaptive_lidar_fallback,6.315695384615386,-0.6313046153846155,-1.6517076923076925
Camera_Outage,50,Proposed Adaptive Fusion,2,0.0,1.0,0.01,0.2029241367878517,0.2029241367878517,adaptive_lidar_fallback,15.31842,-4.055069999999999,-1.5398
Camera_Outage,60,LiDAR-Only,0,0.0,1.0,0.0,0.8248317895471914,0.8248317895471914,lidar_only,4.581413223140496,-0.6348528925619834,-1.6640495867768603
Camera_Outage,60,LiDAR-Only,1,0.0,1.0,0.0,0.1,0.1,lidar_only,-5.920168749999999,-4.670612499999999,-2.0051437500000002
Camera_Outage,60,LiDAR-Only,2,0.0,1.0,0.0,0.1,0.1,lidar_only,-5.935135294117647,-4.776005882352941,0.363429411764706
Camera_Outage,60,Late Fusion (Fixed),0,0.0,0.5,0.0,0.8248317895471914,0.4124158947735957,late_fixed_lidar,4.581413223140496,-0.6348528925619834,-1.6640495867768603
Camera_Outage,60,Late Fusion (Fixed),1,0.0,0.5,0.0,0.1,0.05,late_fixed_lidar,-5.920168749999999,-4.670612499999999,-2.0051437500000002
Camera_Outage,60,Late Fusion (Fixed),2,0.0,0.5,0.0,0.1,0.05,late_fixed_lidar,-5.935135294117647,-4.776005882352941,0.363429411764706
Camera_Outage,60,Dempster-Shafer,0,0.0,1.0,0.0,0.9124158947735956,0.7299327158188765,ds_lidar,4.581413223140496,-0.6348528925619834,-1.6640495867768603
Camera_Outage,60,Dempster-Shafer,1,0.0,1.0,0.0,0.2208151440056771,0.1766521152045417,ds_lidar,-5.920168749999999,-4.670612499999999,-2.0051437500000002
Camera_Outage,60,Dempster-Shafer,2,0.0,1.0,0.0,0.23313548349112795,0.18650838679290238,ds_lidar,-5.935135294117647,-4.776005882352941,0.363429411764706
Camera_Outage,60,Distance-Adaptive,0,0.0,0.11524185048081925,0.0,0.8248317895471914,0.09505514176282401,dist_lidar,4.581413223140496,-0.6348528925619834,-1.6640495867768603
Camera_Outage,60,Distance-Adaptive,1,0.0,0.21331235411724225,0.0,0.1,0.021331235411724228,dist_lidar,-5.920168749999999,-4.670612499999999,-2.0051437500000002
Camera_Outage,60,Distance-Adaptive,2,0.0,0.21589357319469538,0.0,0.1,0.021589357319469538,dist_lidar,-5.935135294117647,-4.776005882352941,0.363429411764706
Camera_Outage,60,Temporal Fusion,0,0.0,0.0,0.0,0.0,0.40158271718911087,temporal_fused,4.592887609762481,-0.633858697085928,-1.6598080829160908
Camera_Outage,60,Temporal Fusion,1,0.0,0.0,0.0,0.0,0.41685867315706515,temporal_fused,-5.984241990112038,15.429031545035198,0.8180709911835498
Camera_Outage,60,Temporal Fusion,2,0.0,0.0,0.0,0.0,0.24689361462046058,temporal_fused,-8.09450766114525,13.913178868638637,2.1085858934874793
Camera_Outage,60,Proposed Adaptive Fusion,0,0.0,1.0,0.01,0.4562079473867978,0.4562079473867978,adaptive_lidar_fallback,4.581413223140496,-0.6348528925619834,-1.6640495867768603
Camera_Outage,60,Proposed Adaptive Fusion,1,0.0,1.0,0.01,0.3734998035936873,0.3734998035936873,adaptive_lidar_fallback,13.770728571428574,-3.8074285714285714,-1.6032380952380951
Both_Degraded,0,Camera-Only,0,0.0,0.0,0.0,0.0,0.5399013161659241,det,,,
Both_Degraded,0,LiDAR-Only,0,0.0,1.0,0.0,0.9982183095885984,0.99,lidar_only,2.1718272738630184,-4.232436511397925,-1.9467709685234937
Both_Degraded,0,LiDAR-Only,1,0.0,1.0,0.0,0.9617474572065196,0.9617474572065196,lidar_only,-3.0031526033574725,-3.88443903827188,-2.1686115685004177
Both_Degraded,0,LiDAR-Only,2,0.0,1.0,0.0,0.8845518226235481,0.8845518226235481,lidar_only,4.694621640076587,-1.9237212804047579,-2.3201851461941714
Both_Degraded,0,Late Fusion (Fixed),0,0.0,0.5,0.0,0.9982183095885984,0.4991091547942992,late_fixed_lidar,2.1718272738630184,-4.232436511397925,-1.9467709685234937
Both_Degraded,0,Late Fusion (Fixed),1,0.0,0.5,0.0,0.9617474572065196,0.4808737286032598,late_fixed_lidar,-3.0031526033574725,-3.88443903827188,-2.1686115685004177
Both_Degraded,0,Late Fusion (Fixed),2,0.0,0.5,0.0,0.8845518226235481,0.4422759113117741,late_fixed_lidar,4.694621640076587,-1.9237212804047579,-2.3201851461941714
Both_Degraded,0,Dempster-Shafer,0,0.0,1.0,0.0,0.2467633122981775,0.197410649838542,ds_lidar,2.1718272738630184,-4.232436511397925,-1.9467709685234937
Both_Degraded,0,Dempster-Shafer,1,0.0,1.0,0.0,0.3030922074344249,0.24247376594753992,ds_lidar,-3.0031526033574725,-3.88443903827188,-2.1686115685004177
Both_Degraded,0,Dempster-Shafer,2,0.0,1.0,0.0,0.20545289750388607,0.16436231800310885,ds_lidar,4.694621640076587,-1.9237212804047579,-2.3201851461941714
Both_Degraded,0,Distance-Adaptive,0,0.0,0.11961420507949505,0.0,0.9982183095885984,0.11940108959723748,dist_lidar,2.1718272738630184,-4.232436511397925,-1.9467709685234937
Both_Degraded,0,Distance-Adaptive,1,0.0,0.12469994894745062,0.0,0.9617474572065196,0.11992985881399344,dist_lidar,-3.0031526033574725,-3.88443903827188,-2.1686115685004177
Both_Degraded,0,Distance-Adaptive,2,0.0,0.13016305285884333,0.0,0.8845518226235481,0.11513596564453511,dist_lidar,4.694621640076587,-1.9237212804047579,-2.3201851461941714
Both_Degraded,0,Proposed Adaptive Fusion,0,0.0,1.0,0.01,0.15154610371721244,0.15154610371721244,adaptive_lidar_fallback,-3.0031526033574725,-3.88443903827188,-2.1686115685004177
Both_Degraded,10,Camera-Only,0,0.0,0.0,0.0,0.0,0.5747947692871094,det,,,
Both_Degraded,10,Camera-Only,1,0.0,0.0,0.0,0.0,0.3003365993499756,det,,,
Both_Degraded,10,LiDAR-Only,0,0.0,1.0,0.0,0.9676029361703231,0.9676029361703231,lidar_only,1.6346078962294421,-4.119603588703173,-2.255854974399472
Both_Degraded,10,LiDAR-Only,1,0.0,1.0,0.0,0.38549942537877707,0.38549942537877707,lidar_only,-2.8241547563952185,-3.8036589457572143,-2.07945333292949
Both_Degraded,10,LiDAR-Only,2,0.0,1.0,0.0,0.5420479241192457,0.5420479241192457,lidar_only,5.411060484656291,-0.515022208507304,-2.3713189914481143
Both_Degraded,10,Late Fusion (Fixed),0,0.0,0.5,0.0,0.9676029361703231,0.48380146808516156,late_fixed_lidar,1.6346078962294421,-4.119603588703173,-2.255854974399472
Both_Degraded,10,Late Fusion (Fixed),1,0.0,0.5,0.0,0.38549942537877707,0.19274971268938854,late_fixed_lidar,-2.8241547563952185,-3.8036589457572143,-2.07945333292949
Both_Degraded,10,Late Fusion (Fixed),2,0.0,0.5,0.0,0.5420479241192457,0.27102396205962287,late_fixed_lidar,5.411060484656291,-0.515022208507304,-2.3713189914481143
Both_Degraded,10,Dempster-Shafer,0,0.0,1.0,0.0,0.2524191971655005,0.2019353577324004,ds_lidar,1.6346078962294421,-4.119603588703173,-2.255854974399472
Both_Degraded,10,Dempster-Shafer,1,0.0,1.0,0.0,0.09456919852189202,0.07565535881751362,ds_lidar,-2.8241547563952185,-3.8036589457572143,-2.07945333292949
Both_Degraded,10,Dempster-Shafer,2,0.0,1.0,0.0,0.12413846217670256,0.09931076974136205,ds_lidar,5.411060484656291,-0.515022208507304,-2.3713189914481143
Both_Degraded,10,Distance-Adaptive,0,0.0,0.1088769740677431,0.0,0.9676029361703231,0.10534967978928836,dist_lidar,1.6346078962294421,-4.119603588703173,-2.255854974399472
Both_Degraded,10,Distance-Adaptive,1,0.0,0.11896153007271626,0.0,0.38549942537877707,0.045859601485212224,dist_lidar,-2.8241547563952185,-3.8036589457572143,-2.07945333292949
Both_Degraded,10,Distance-Adaptive,2,0.0,0.14232327150229995,0.0,0.5420479241192457,0.0771460338716815,dist_lidar,5.411060484656291,-0.515022208507304,-2.3713189914481143
Both_Degraded,10,Temporal Fusion,0,0.0,0.0,0.0,0.0,0.4886520847154539,temporal_fused,1.8468399325374973,-4.111070790514331,-2.1669047954001326
Both_Degraded,10,Temporal Fusion,1,0.0,0.0,0.0,0.0,0.39432022162215574,temporal_fused,-1.6527619708933243,-4.88999031241406,-2.187113897632156
Both_Degraded,10,Temporal Fusion,2,0.0,0.0,0.0,0.0,0.3104276048609532,temporal_fused,-4.322101623023149,1.995166411857605,-2.5136624071898783
Both_Degraded,20,Camera-Only,0,0.0,0.0,0.0,0.0,0.4985242187976837,det,,,
Both_Degraded,20,Camera-Only,1,0.0,0.0,0.0,0.0,0.29450082778930664,det,,,
Both_Degraded,20,LiDAR-Only,0,0.0,1.0,0.0,0.27424151342730263,0.27424151342730263,lidar_only,-2.4846532544776343,-3.435069563841434,-2.4786218566997054
Both_Degraded,20,LiDAR-Only,1,0.0,1.0,0.0,0.9528530300937745,0.9528530300937745,lidar_only,1.1417256345549849,-4.262968602979852,-2.0369493179902607
Both_Degraded,20,LiDAR-Only,2,0.0,1.0,0.0,0.5862032301809084,0.5862032301809084,lidar_only,3.8808163255220336,-4.053583805689838,-2.832447747915762
Both_Degraded,20,Late Fusion (Fixed),0,0.0,0.5,0.0,0.27424151342730263,0.13712075671365132,late_fixed_lidar,-2.4846532544776343,-3.435069563841434,-2.4786218566997054
Both_Degraded,20,Late Fusion (Fixed),1,0.0,0.5,0.0,0.9528530300937745,0.47642651504688727,late_fixed_lidar,1.1417256345549849,-4.262968602979852,-2.0369493179902607
Both_Degraded,20,Late Fusion (Fixed),2,0.0,0.5,0.0,0.5862032301809084,0.2931016150904542,late_fixed_lidar,3.8808163255220336,-4.053583805689838,-2.832447747915762
Both_Degraded,20,Dempster-Shafer,0,0.0,1.0,0.0,0.07449680975783435,0.05959744780626748,ds_lidar,-2.4846532544776343,-3.435069563841434,-2.4786218566997054
Both_Degraded,20,Dempster-Shafer,1,0.0,1.0,0.0,0.2504949919884426,0.2003959935907541,ds_lidar,1.1417256345549849,-4.262968602979852,-2.0369493179902607
Both_Degraded,20,Dempster-Shafer,2,0.0,1.0,0.0,0.13486565986046148,0.10789252788836919,ds_lidar,3.8808163255220336,-4.053583805689838,-2.832447747915762
Both_Degraded,20,Distance-Adaptive,0,0.0,0.1025786078246892,0.0,0.27424151342730263,0.02813131265510851,dist_lidar,-2.4846532544776343,-3.435069563841434,-2.4786218566997054
Both_Degraded,20,Distance-Adaptive,1,0.0,0.10825858384780906,0.0,0.9528530300937745,0.10315451965304583,dist_lidar,1.1417256345549849,-4.262968602979852,-2.0369493179902607
Both_Degraded,20,Distance-Adaptive,2,0.0,0.1482679489662524,0.0,0.5862032301809084,0.08691515061631523,dist_lidar,3.8808163255220336,-4.053583805689838,-2.832447747915762
Both_Degraded,20,Temporal Fusion,0,0.0,0.0,0.0,0.0,0.4648955108134568,temporal_fused,1.1320468670205273,-4.262147615030565,-2.0335814753802137
Both_Degraded,20,Temporal Fusion,1,0.0,0.0,0.0,0.0,0.3491354796775102,temporal_fused,-3.6138678982781376,4.080993848816059,-2.6176595216295278
Both_Degraded,20,Temporal Fusion,2,0.0,0.0,0.0,0.0,0.3819975696191731,temporal_fused,-4.3098543420835504,-3.045619585821973,-2.2475865088476294
Both_Degraded,30,Camera-Only,0,0.0,0.0,0.0,0.0,0.6017137765884399,det,,,
Both_Degraded,30,Camera-Only,1,0.0,0.0,0.0,0.0,0.4915774464607239,det,,,
Both_Degraded,30,LiDAR-Only,0,0.0,1.0,0.0,0.4609965361422061,0.4609965361422061,lidar_only,-3.6764989264766164,-2.697607957284685,-2.4495346055093803
Both_Degraded,30,LiDAR-Only,1,0.0,1.0,0.0,0.9073646982383385,0.9073646982383385,lidar_only,-1.1407877377871254,-4.489596661357356,-2.1113977396910086
Both_Degraded,30,LiDAR-Only,2,0.0,1.0,0.0,0.12004504520769815,0.12004504520769815,lidar_only,-0.39028586759972983,-4.637066838539097,-0.3888071245351683
Both_Degraded,30,Late Fusion (Fixed),0,0.0,0.5,0.0,0.4609965361422061,0.23049826807110305,late_fixed_lidar,-3.6764989264766164,-2.697607957284685,-2.4495346055093803
Both_Degraded,30,Late Fusion (Fixed),1,0.0,0.5,0.0,0.9073646982383385,0.45368234911916927,late_fixed_lidar,-1.1407877377871254,-4.489596661357356,-2.1113977396910086
Both_Degraded,30,Late Fusion (Fixed),2,0.0,0.5,0.0,0.12004504520769815,0.06002252260384908,late_fixed_lidar,-0.39028586759972983,-4.637066838539097,-0.3888071245351683
Both_Degraded,30,Dempster-Shafer,0,0.0,1.0,0.0,0.10936837996945488,0.08749470397556391,ds_lidar,-3.6764989264766164,-2.697607957284685,-2.4495346055093803
Both_Degraded,30,Dempster-Shafer,1,0.0,1.0,0.0,0.21786792546152797,0.1742943403692224,ds_lidar,-1.1407877377871254,-4.489596661357356,-2.1113977396910086
Both_Degraded,30,Dempster-Shafer,2,0.0,1.0,0.0,0.04833806309217796,0.038670450473742374,ds_lidar,-0.39028586759972983,-4.637066838539097,-0.3888071245351683
Both_Degraded,30,Distance-Adaptive,0,0.0,0.11308906188732404,0.0,0.4609965361422061,0.052133665805627956,dist_lidar,-3.6764989264766164,-2.697607957284685,-2.4495346055093803
Both_Degraded,30,Distance-Adaptive,1,0.0,0.115475803062275,0.0,0.9073646982383385,0.10477866719943098,dist_lidar,-1.1407877377871254,-4.489596661357356,-2.1113977396910086
Both_Degraded,30,Distance-Adaptive,2,0.0,0.11617716356443986,0.0,0.12004504520769815,0.013946492852195326,dist_lidar,-0.39028586759972983,-4.637066838539097,-0.3888071245351683
Both_Degraded,30,Temporal Fusion,0,0.0,0.0,0.0,0.0,0.4114491041533812,temporal_fused,-0.8205161783361521,-4.486897743252143,-1.9513927795304253
Both_Degraded,30,Temporal Fusion,1,0.0,0.0,0.0,0.0,0.410074409819662,temporal_fused,-5.181549041180985,-1.9777796548301614,-2.47763559745832
Both_Degraded,30,Temporal Fusion,2,0.0,0.0,0.0,0.0,0.3578314663756257,temporal_fused,-1.9187374645212256,4.761764002220538,-2.6857137170175087
Both_Degraded,40,Camera-Only,0,0.0,0.0,0.0,0.0,0.7553027868270874,det,,,
Both_Degraded,40,LiDAR-Only,0,0.0,1.0,0.0,0.27715812585887734,0.27715812585887734,lidar_only,2.0459642030240928,-4.384538867730013,-2.5942453480291547
Both_Degraded,40,LiDAR-Only,1,0.0,1.0,0.0,0.39686140944728465,0.39686140944728465,lidar_only,4.223396073732226,-2.4742728785145265,-2.3288675907175422
Both_Degraded,40,LiDAR-Only,2,0.0,1.0,0.0,0.950404842645429,0.950404842645429,lidar_only,-2.3645858366060297,-4.302059029922798,-2.027433244680796
Both_Degraded,40,Late Fusion (Fixed),0,0.0,0.5,0.0,0.27715812585887734,0.13857906292943867,late_fixed_lidar,2.0459642030240928,-4.384538867730013,-2.5942453480291547
Both_Degraded,40,Late Fusion (Fixed),1,0.0,0.5,0.0,0.39686140944728465,0.19843070472364233,late_fixed_lidar,4.223396073732226,-2.4742728785145265,-2.3288675907175422
Both_Degraded,40,Late Fusion (Fixed),2,0.0,0.5,0.0,0.950404842645429,0.4752024213227145,late_fixed_lidar,-2.3645858366060297,-4.302059029922798,-2.027433244680796
Both_Degraded,40,Dempster-Shafer,0,0.0,1.0,0.0,0.07620500965322372,0.060964007722578976,ds_lidar,2.0459642030240928,-4.384538867730013,-2.5942453480291547
Both_Degraded,40,Dempster-Shafer,1,0.0,1.0,0.0,0.09756007544539559,0.07804806035631648,ds_lidar,4.223396073732226,-2.4742728785145265,-2.3288675907175422
Both_Degraded,40,Dempster-Shafer,2,0.0,1.0,0.0,0.22753202857252633,0.18202562285802107,ds_lidar,-2.3645858366060297,-4.302059029922798,-2.027433244680796
Both_Degraded,40,Distance-Adaptive,0,0.0,0.12231582922105955,0.0,0.27715812585887734,0.03390082598978337,dist_lidar,2.0459642030240928,-4.384538867730013,-2.5942453480291547
Both_Degraded,40,Distance-Adaptive,1,0.0,0.1241943576079001,0.0,0.39686140944728465,0.049287947805671334,dist_lidar,4.223396073732226,-2.4742728785145265,-2.3288675907175422
Both_Degraded,40,Distance-Adaptive,2,0.0,0.12467001658576138,0.0,0.950404842645429,0.11848698749579357,dist_lidar,-2.3645858366060297,-4.302059029922798,-2.027433244680796
Both_Degraded,40,Temporal Fusion,0,0.0,0.0,0.0,0.0,0.44034718014355523,temporal_fused,-2.515762225628777,-4.430303746500165,-2.0027563067692684
Both_Degraded,40,Temporal Fusion,1,0.0,0.0,0.0,0.0,0.37376919519725565,temporal_fused,3.252810179167824,-3.925646104964917,-2.5392640597470026
Both_Degraded,40,Temporal Fusion,2,0.0,0.0,0.0,0.0,0.3340295008576496,temporal_fused,-0.5467492423566077,5.190722570669521,-2.6039328546487086
Both_Degraded,50,Camera-Only,0,0.0,0.0,0.0,0.0,0.7227303981781006,det,,,
Both_Degraded,50,LiDAR-Only,0,0.0,1.0,0.0,0.9907629728243962,0.99,lidar_only,3.049996195110997,-3.785734423213339,-2.5635870701761805
Both_Degraded,50,LiDAR-Only,1,0.0,1.0,0.0,0.7037043576890064,0.7037043576890064,lidar_only,-2.8516496542177863,-3.9403238898965505,-2.3588971309260947
Both_Degraded,50,LiDAR-Only,2,0.0,1.0,0.0,0.7327098867978028,0.7327098867978028,lidar_only,-4.667793627808407,-2.3187443420417044,-2.6027905491085024
Both_Degraded,50,Late Fusion (Fixed),0,0.5,0.5,0.7227303981781006,0.9046195454270575,0.8136749718025791,late_fixed,6.479625431048678,-0.5725446800589469,-1.9957417945366118
Both_Degraded,50,Late Fusion (Fixed),1,0.0,0.5,0.0,0.9907629728243962,0.4953814864121981,late_fixed_lidar,3.049996195110997,-3.785734423213339,-2.5635870701761805
Both_Degraded,50,Late Fusion (Fixed),2,0.0,0.5,0.0,0.7037043576890064,0.3518521788445032,late_fixed_lidar,-2.8516496542177863,-3.9403238898965505,-2.3588971309260947
Both_Degraded,50,Dempster-Shafer,0,0.35464073149217057,0.6453562391383214,0.11706750548082662,0.21303318641524688,0.30516142817780867,dempster_shafer,6.25587697594243,-0.6008406810707034,-1.9853467210643765
Both_Degraded,50,Dempster-Shafer,1,0.0,1.0,0.0,0.2426507736008663,0.19412061888069304,ds_lidar,3.049996195110997,-3.785734423213339,-2.5635870701761805
Both_Degraded,50,Dempster-Shafer,2,0.0,1.0,0.0,0.15727659370072156,0.12582127496057724,ds_lidar,-2.8516496542177863,-3.9403238898965505,-2.3588971309260947
Both_Degraded,50,Distance-Adaptive,0,0.8470910009174266,0.15290899908257338,0.7227303981781006,0.9046195454270575,0.7505428856279214,distance_adaptive,7.013853981521763,-0.5049742267010695,-2.0205491261362045
Both_Degraded,50,Distance-Adaptive,1,0.0,0.1230850358671528,0.0,0.9907629728243962,0.12194809604593775,dist_lidar,3.049996195110997,-3.785734423213339,-2.5635870701761805
Both_Degraded,50,Distance-Adaptive,2,0.0,0.12316652401875183,0.0,0.7037043576890064,0.08667281967340335,dist_lidar,-2.8516496542177863,-3.9403238898965505,-2.3588971309260947
Both_Degraded,50,Temporal Fusion,0,0.0,0.0,0.0,0.0,0.34585806353270665,temporal_fused,-2.850344446986031,-4.164563849970314,-2.409391057228025
Both_Degraded,50,Temporal Fusion,1,0.0,0.0,0.0,0.0,0.35309631173512523,temporal_fused,-5.415398174826431,-1.517118339852244,-2.6163299038389916
Both_Degraded,50,Temporal Fusion,2,0.0,0.0,0.0,0.0,0.6661569262291396,temporal_fused,6.478153048382168,-0.6845423034323143,-2.032703921839042
Both_Degraded,50,Proposed Adaptive Fusion,0,0.05236342586650481,0.9476355741341452,0.06079851559327909,0.11835177023069271,0.17195467387610874,adaptive_fused,5.710045480745993,-0.669882918704253,-1.9600057317547732
Both_Degraded,60,Camera-Only,0,0.0,0.0,0.0,0.0,0.4605691730976105,det,,,
Both_Degraded,60,Camera-Only,1,0.0,0.0,0.0,0.0,0.41861218214035034,det,,,
Both_Degraded,60,LiDAR-Only,0,0.0,1.0,0.0,0.4662774090795109,0.4662774090795109,lidar_only,4.165687777652459,-0.7398349465270355,-1.799643891658499
Both_Degraded,60,LiDAR-Only,1,0.0,1.0,0.0,0.4041032434732969,0.4041032434732969,lidar_only,-0.9422966178590979,-4.570180045395759,-2.3827730905872646
Both_Degraded,60,LiDAR-Only,2,0.0,1.0,0.0,0.6896711522006149,0.6896711522006149,lidar_only,0.7107271986874096,-5.04677493249882,-2.5789432416341955
Both_Degraded,60,Late Fusion (Fixed),0,0.5,0.5,0.4605691730976105,0.4662774090795109,0.4634232910885607,late_fixed,4.948281810923316,-0.6622780486773807,-1.9776987098446628
Both_Degraded,60,Late Fusion (Fixed),1,0.5,0.5,0.41861218214035034,0.4701459373824563,0.44437905976140335,late_fixed,6.060842551370516,-1.5221079305565508,-2.724253025284285
Both_Degraded,60,Late Fusion (Fixed),2,0.0,0.5,0.0,0.4041032434732969,0.20205162173664845,late_fixed_lidar,-0.9422966178590979,-4.570180045395759,-2.3827730905872646
Both_Degraded,60,Dempster-Shafer,0,0.4056442220143636,0.5943504438025606,0.07604617544179178,0.11142295556157557,0.1789958413764888,dempster_shafer,4.8005750526696955,-0.6769099851318434,-1.9440881084265806
Both_Degraded,60,Dempster-Shafer,1,0.3744309102937935,0.6255635104143662,0.06711083073133661,0.11212238547874809,0.17170858977702674,dempster_shafer,5.81055395917231,-1.7145300813087467,-2.7055151499038335
Both_Degraded,60,Dempster-Shafer,2,0.0,1.0,0.0,0.10018186641997207,0.08014549313597766,ds_lidar,-0.9422966178590979,-4.570180045395759,-2.3827730905872646
Both_Degraded,60,Distance-Adaptive,0,0.8977016376357956,0.10229836236420442,0.4605691730976105,0.4662774090795109,0.46115311629054734,distance_adaptive,5.570759668194959,-0.6005890381078609,-2.1193240954078254
Both_Degraded,60,Distance-Adaptive,1,0.8535695377414213,0.1464304622585787,0.41861218214035034,0.4701459373824563,0.4261582937423724,distance_adaptive,6.765509852828276,-0.9802618024708101,-2.7769723288519352
Both_Degraded,60,Distance-Adaptive,2,0.0,0.11660255204891223,0.0,0.4041032434732969,0.04711946948022935,dist_lidar,-0.9422966178590979,-4.570180045395759,-2.3827730905872646
Both_Degraded,60,Temporal Fusion,0,0.0,0.0,0.0,0.0,0.5596962396233783,temporal_fused,5.742558932800502,-0.3476675249848971,-2.3824903428480337
Both_Degraded,60,Temporal Fusion,1,0.0,0.0,0.0,0.0,0.3921808561187479,temporal_fused,0.5113755867611998,-4.802029563233414,-2.5608542812879596
Both_Degraded,60,Temporal Fusion,2,0.0,0.0,0.0,0.0,0.34503428205248177,temporal_fused,-4.9907387516996575,2.1059110234955813,-2.431704057405739
Both_Degraded,60,Proposed Adaptive Fusion,0,0.05000147063686789,0.9499975293637821,0.04316701124456124,0.07623675906844644,0.11611285727705112,adaptive_fused,4.165687777652459,-0.7398349465270355,-1.799643891658499
Both_Degraded,60,Proposed Adaptive Fusion,1,0.05000048222257895,0.949998517778071,0.022270884111031456,0.044848954191499237,0.06612101244123092,adaptive_fused,5.064338008078796,-2.2883590781342207,-2.6497000760901646
Severe_Camera_Degraded,0,LiDAR-Only,0,0.0,1.0,0.0,0.24185824420840582,0.24185824420840582,lidar_only,2.2273361702127654,-4.161070212765957,-1.0001787234042552
Severe_Camera_Degraded,0,LiDAR-Only,1,0.0,1.0,0.0,0.10497777119388957,0.10497777119388957,lidar_only,0.462575,-22.4796,2.8408999999999995
Severe_Camera_Degraded,0,LiDAR-Only,2,0.0,1.0,0.0,0.454644717438321,0.454644717438321,lidar_only,-2.6594055555555554,-22.43557314814815,1.123573148148148
Severe_Camera_Degraded,0,Late Fusion (Fixed),0,0.0,0.5,0.0,0.24185824420840582,0.12092912210420291,late_fixed_lidar,2.2273361702127654,-4.161070212765957,-1.0001787234042552
Severe_Camera_Degraded,0,Late Fusion (Fixed),1,0.0,0.5,0.0,0.10497777119388957,0.052488885596944784,late_fixed_lidar,0.462575,-22.4796,2.8408999999999995
Severe_Camera_Degraded,0,Late Fusion (Fixed),2,0.0,0.5,0.0,0.454644717438321,0.2273223587191605,late_fixed_lidar,-2.6594055555555554,-22.43557314814815,1.123573148148148
Severe_Camera_Degraded,0,Dempster-Shafer,0,0.0,1.0,0.0,0.456961270807046,0.36556901664563685,ds_lidar,2.2273361702127654,-4.161070212765957,-1.0001787234042552
Severe_Camera_Degraded,0,Dempster-Shafer,1,0.0,1.0,0.0,0.40475426797837244,0.323803414382698,ds_lidar,0.462575,-22.4796,2.8408999999999995
Severe_Camera_Degraded,0,Dempster-Shafer,2,0.0,1.0,0.0,0.7273223587191605,0.5818578869753285,ds_lidar,-2.6594055555555554,-22.43557314814815,1.123573148148148
Severe_Camera_Degraded,0,Distance-Adaptive,0,0.0,0.11837168553052468,0.0,0.24185824420840582,0.028629168026402255,dist_lidar,2.2273361702127654,-4.161070212765957,-1.0001787234042552
Severe_Camera_Degraded,0,Distance-Adaptive,1,0.0,0.582652615199849,0.0,0.10497777119388957,0.06116557292397113,dist_lidar,0.462575,-22.4796,2.8408999999999995
Severe_Camera_Degraded,0,Distance-Adaptive,2,0.0,0.5844039404686203,0.0,0.454644717438321,0.26569616438419724,dist_lidar,-2.6594055555555554,-22.43557314814815,1.123573148148148
Severe_Camera_Degraded,0,Proposed Adaptive Fusion,0,0.0,1.0,0.01,0.228480635403523,0.228480635403523,adaptive_lidar_fallback,2.2273361702127654,-4.161070212765957,-1.0001787234042552
Severe_Camera_Degraded,0,Proposed Adaptive Fusion,1,0.0,1.0,0.01,0.20237713398918622,0.20237713398918622,adaptive_lidar_fallback,0.462575,-22.4796,2.8408999999999995
Severe_Camera_Degraded,0,Proposed Adaptive Fusion,2,0.0,1.0,0.01,0.36366117935958026,0.36366117935958026,adaptive_lidar_fallback,-2.6594055555555554,-22.43557314814815,1.123573148148148
Severe_Camera_Degraded,10,LiDAR-Only,0,0.0,1.0,0.0,0.22128125151911984,0.22128125151911984,lidar_only,2.225374545454545,-4.144010909090909,-1.2883527272727273
Severe_Camera_Degraded,10,LiDAR-Only,1,0.0,1.0,0.0,0.1,0.1,lidar_only,-5.3076625,-16.684325,-0.801425
Severe_Camera_Degraded,10,LiDAR-Only,2,0.0,1.0,0.0,0.3357463258882356,0.3357463258882356,lidar_only,-0.08913478260869566,-22.443100000000005,-1.0042521739130434
Severe_Camera_Degraded,10,Late Fusion (Fixed),0,0.0,0.5,0.0,0.22128125151911984,0.11064062575955992,late_fixed_lidar,2.225374545454545,-4.144010909090909,-1.2883527272727273
Severe_Camera_Degraded,10,Late Fusion (Fixed),1,0.0,0.5,0.0,0.1,0.05,late_fixed_lidar,-5.3076625,-16.684325,-0.801425
Severe_Camera_Degraded,10,Late Fusion (Fixed),2,0.0,0.5,0.0,0.3357463258882356,0.1678731629441178,late_fixed_lidar,-0.08913478260869566,-22.443100000000005,-1.0042521739130434
Severe_Camera_Degraded,10,Dempster-Shafer,0,0.0,1.0,0.0,0.5027723728956847,0.40221789831654775,ds_lidar,2.225374545454545,-4.144010909090909,-1.2883527272727273
Severe_Camera_Degraded,10,Dempster-Shafer,1,0.0,1.0,0.0,0.2350822612144164,0.18806580897153313,ds_lidar,-5.3076625,-16.684325,-0.801425
Severe_Camera_Degraded,10,Dempster-Shafer,2,0.0,1.0,0.0,0.6678731629441178,0.5342985303552943,ds_lidar,-0.08913478260869566,-22.443100000000005,-1.0042521739130434
Severe_Camera_Degraded,10,Distance-Adaptive,0,0.0,0.117842410623056,0.0,0.22128125151911984,0.026076316104699855,dist_lidar,2.225374545454545,-4.144010909090909,-1.2883527272727273
Severe_Camera_Degraded,10,Distance-Adaptive,1,0.0,0.48961364805993013,0.0,0.1,0.048961364805993016,dist_lidar,-5.3076625,-16.684325,-0.801425
Severe_Camera_Degraded,10,Distance-Adaptive,2,0.0,0.5819854043218099,0.0,0.3357463258882356,0.19539946122162696,dist_lidar,-0.08913478260869566,-22.443100000000005,-1.0042521739130434
Severe_Camera_Degraded,10,Temporal Fusion,0,0.0,0.0,0.0,0.0,0.28636196516944656,temporal_fused,12.309684491139555,1.147455272164339,-1.7225850509016272
Severe_Camera_Degraded,10,Temporal Fusion,1,0.0,0.0,0.0,0.0,0.2911635440251048,temporal_fused,-7.0421302567180035,13.85736508760761,1.4666014752015941
Severe_Camera_Degraded,10,Temporal Fusion,2,0.0,0.0,0.0,0.0,0.31221067777653044,temporal_fused,-3.16075520280283,14.72033432681532,1.559577683801457
Severe_Camera_Degraded,10,Proposed Adaptive Fusion,0,0.0,1.0,0.01,0.25138618644784233,0.25138618644784233,adaptive_lidar_fallback,2.225374545454545,-4.144010909090909,-1.2883527272727273
Severe_Camera_Degraded,10,Proposed Adaptive Fusion,1,0.0,1.0,0.01,0.3339365814720589,0.3339365814720589,adaptive_lidar_fallback,-0.08913478260869566,-22.443100000000005,-1.0042521739130434
Severe_Camera_Degraded,10,Proposed Adaptive Fusion,2,0.0,1.0,0.01,0.36714737970982914,0.36714737970982914,adaptive_lidar_fallback,-0.27674222222222217,-22.44830888888889,2.1523888888888894
Severe_Camera_Degraded,20,LiDAR-Only,0,0.0,1.0,0.0,0.20833436849106543,0.20833436849106543,lidar_only,1.4395250000000004,-4.305206521739128,-0.9969043478260871
Severe_Camera_Degraded,20,LiDAR-Only,1,0.0,1.0,0.0,0.16288635326661527,0.16288635326661527,lidar_only,-2.6234428571428574,-22.3871,1.6733357142857144
Severe_Camera_Degraded,20,LiDAR-Only,2,0.0,1.0,0.0,0.3190053700713694,0.3190053700713694,lidar_only,-3.3469272727272723,-22.363922727272723,-1.169859090909091
Severe_Camera_Degraded,20,Late Fusion (Fixed),0,0.0,0.5,0.0,0.20833436849106543,0.10416718424553272,late_fixed_lidar,1.4395250000000004,-4.305206521739128,-0.9969043478260871
Severe_Camera_Degraded,20,Late Fusion (Fixed),1,0.0,0.5,0.0,0.16288635326661527,0.08144317663330763,late_fixed_lidar,-2.6234428571428574,-22.3871,1.6733357142857144
Severe_Camera_Degraded,20,Late Fusion (Fixed),2,0.0,0.5,0.0,0.3190053700713694,0.1595026850356847,late_fixed_lidar,-3.3469272727272723,-22.363922727272723,-1.169859090909091
Severe_Camera_Degraded,20,Dempster-Shafer,0,0.0,1.0,0.0,0.6041671842455327,0.4833337473964262,ds_lidar,1.4395250000000004,-4.305206521739128,-0.9969043478260871
Severe_Camera_Degraded,20,Dempster-Shafer,1,0.0,1.0,0.0,0.49339826155188865,0.3947186092415109,ds_lidar,-2.6234428571428574,-22.3871,1.6733357142857144
Severe_Camera_Degraded,20,Dempster-Shafer,2,0.0,1.0,0.0,0.6595026850356847,0.5276021480285478,ds_lidar,-3.3469272727272723,-22.363922727272723,-1.169859090909091
Severe_Camera_Degraded,20,Distance-Adaptive,0,0.0,0.1124123739849957,0.0,0.20833436849106543,0.023419360944745553,dist_lidar,1.4395250000000004,-4.305206521739128,-0.9969043478260871
Severe_Camera_Degraded,20,Distance-Adaptive,1,0.0,0.5835585618430805,0.0,0.16288635326661527,0.09505372605612997,dist_lidar,-2.6234428571428574,-22.3871,1.6733357142857144
Severe_Camera_Degraded,20,Distance-Adaptive,2,0.0,0.584731780233532,0.0,0.3190053700713694,0.18653257794588854,dist_lidar,-3.3469272727272723,-22.363922727272723,-1.169859090909091
Severe_Camera_Degraded,20,Temporal Fusion,0,0.0,0.0,0.0,0.0,0.2945749353061449,temporal_fused,11.56511838573561,0.8000844488413065,-1.8043223049732375
Severe_Camera_Degraded,20,Temporal Fusion,1,0.0,0.0,0.0,0.0,0.3251398659144771,temporal_fused,-6.578719944093145,14.221020160659206,1.4962229995900527
Severe_Camera_Degraded,20,Temporal Fusion,2,0.0,0.0,0.0,0.0,0.2249581748388066,temporal_fused,-4.170891776482545,-22.320831223259148,1.0979666192442308
Severe_Camera_Degraded,20,Proposed Adaptive Fusion,0,0.0,1.0,0.01,0.30208359212276636,0.30208359212276636,adaptive_lidar_fallback,1.4395250000000004,-4.305206521739128,-0.9969043478260871
Severe_Camera_Degraded,20,Proposed Adaptive Fusion,1,0.0,1.0,0.01,0.24669913077594433,0.24669913077594433,adaptive_lidar_fallback,-2.6234428571428574,-22.3871,1.6733357142857144
Severe_Camera_Degraded,20,Proposed Adaptive Fusion,2,0.0,1.0,0.01,0.3297513425178423,0.3297513425178423,adaptive_lidar_fallback,-3.3469272727272723,-22.363922727272723,-1.169859090909091
Severe_Camera_Degraded,30,LiDAR-Only,0,0.0,1.0,0.0,0.1,0.1,lidar_only,-0.4819538461538461,-4.503181538461537,-0.7745230769230769
Severe_Camera_Degraded,30,LiDAR-Only,1,0.0,1.0,0.0,0.6743377759607183,0.6743377759607183,lidar_only,10.245451724137927,-0.9813034482758621,-1.7095551724137932
Severe_Camera_Degraded,30,LiDAR-Only,2,0.0,1.0,0.0,0.1,0.1,lidar_only,-4.3225727272727275,-17.1865,1.8888818181818179
Severe_Camera_Degraded,30,Late Fusion (Fixed),0,0.0,0.5,0.0,0.1,0.05,late_fixed_lidar,-0.4819538461538461,-4.503181538461537,-0.7745230769230769
Severe_Camera_Degraded,30,Late Fusion (Fixed),1,0.0,0.5,0.0,0.6743377759607183,0.33716888798035916,late_fixed_lidar,10.245451724137927,-0.9813034482758621,-1.7095551724137932
Severe_Camera_Degraded,30,Late Fusion (Fixed),2,0.0,0.5,0.0,0.1,0.05,late_fixed_lidar,-4.3225727272727275,-17.1865,1.8888818181818179
Severe_Camera_Degraded,30,Dempster-Shafer,0,0.0,1.0,0.0,0.4992230197634228,0.3993784158107383,ds_lidar,-0.4819538461538461,-4.503181538461537,-0.7745230769230769
Severe_Camera_Degraded,30,Dempster-Shafer,1,0.0,1.0,0.0,0.7465161686267116,0.5972129349013693,ds_lidar,10.245451724137927,-0.9813034482758621,-1.7095551724137932
Severe_Camera_Degraded,30,Dempster-Shafer,2,0.0,1.0,0.0,0.30742406023832586,0.2459392481906607,ds_lidar,-4.3225727272727275,-17.1865,1.8888818181818179
Severe_Camera_Degraded,30,Distance-Adaptive,0,0.0,0.11206301414467423,0.0,0.1,0.011206301414467424,dist_lidar,-0.4819538461538461,-4.503181538461537,-0.7745230769230769
Severe_Camera_Degraded,30,Distance-Adaptive,1,0.0,0.3018596629591729,0.0,0.6743377759607183,0.20355537377214067,dist_lidar,10.245451724137927,-0.9813034482758621,-1.7095551724137932
Severe_Camera_Degraded,30,Distance-Adaptive,2,0.0,0.49415811519340047,0.0,0.1,0.04941581151934005,dist_lidar,-4.3225727272727275,-17.1865,1.8888818181818179
Severe_Camera_Degraded,30,Temporal Fusion,0,0.0,0.0,0.0,0.0,0.37022775802927277,temporal_fused,-7.268992238246912,14.71184850473373,1.632229975866784
Severe_Camera_Degraded,30,Temporal Fusion,1,0.0,0.0,0.0,0.0,0.3349844873577005,temporal_fused,-1.0323584723817651,14.923888566297359,1.3342005646825696
Severe_Camera_Degraded,30,Temporal Fusion,2,0.0,0.0,0.0,0.0,0.23722096846073953,temporal_fused,-7.448570401338832,-21.884041325482038,1.0725347983164117
Severe_Camera_Degraded,30,Proposed Adaptive Fusion,0,0.0,1.0,0.01,0.2496115098817114,0.2496115098817114,adaptive_lidar_fallback,-0.4819538461538461,-4.503181538461537,-0.7745230769230769
Severe_Camera_Degraded,30,Proposed Adaptive Fusion,1,0.0,1.0,0.01,0.3732580843133558,0.3732580843133558,adaptive_lidar_fallback,10.245451724137927,-0.9813034482758621,-1.7095551724137932
Severe_Camera_Degraded,30,Proposed Adaptive Fusion,2,0.0,1.0,0.01,0.15371203011916293,0.15371203011916293,adaptive_lidar_fallback,-4.3225727272727275,-17.1865,1.8888818181818179
Severe_Camera_Degraded,40,LiDAR-Only,0,0.0,1.0,0.0,0.260980215606599,0.260980215606599,lidar_only,-2.470446,-4.528032,-1.2408159999999997
Severe_Camera_Degraded,40,LiDAR-Only,1,0.0,1.0,0.0,0.9004779422527724,0.9004779422527724,lidar_only,8.348120754716982,-1.0759962264150944,-1.6839018867924533
Severe_Camera_Degraded,40,LiDAR-Only,2,0.0,1.0,0.0,0.1,0.1,lidar_only,-7.19435,-22.368779999999997,-0.40359
Severe_Camera_Degraded,40,Late Fusion (Fixed),0,0.0,0.5,0.0,0.260980215606599,0.1304901078032995,late_fixed_lidar,-2.470446,-4.528032,-1.2408159999999997
Severe_Camera_Degraded,40,Late Fusion (Fixed),1,0.0,0.5,0.0,0.9004779422527724,0.4502389711263862,late_fixed_lidar,8.348120754716982,-1.0759962264150944,-1.6839018867924533
Severe_Camera_Degraded,40,Late Fusion (Fixed),2,0.0,0.5,0.0,0.1,0.05,late_fixed_lidar,-7.19435,-22.368779999999997,-0.40359
Severe_Camera_Degraded,40,Dempster-Shafer,0,0.0,1.0,0.0,0.5153724581456618,0.41229796651652945,ds_lidar,-2.470446,-4.528032,-1.2408159999999997
Severe_Camera_Degraded,40,Dempster-Shafer,1,0.0,1.0,0.0,0.9502389711263862,0.760191176901109,ds_lidar,8.348120754716982,-1.0759962264150944,-1.6839018867924533
Severe_Camera_Degraded,40,Dempster-Shafer,2,0.0,1.0,0.0,0.35621568698820477,0.28497254959056384,ds_lidar,-7.19435,-22.368779999999997,-0.40359
Severe_Camera_Degraded,40,Distance-Adaptive,0,0.0,0.1329988207659255,0.0,0.260980215606599,0.034710060918914654,dist_lidar,-2.470446,-4.528032,-1.2408159999999997
Severe_Camera_Degraded,40,Distance-Adaptive,1,0.0,0.24229361432940133,0.0,0.9004779422527724,0.21818005525232617,dist_lidar,8.348120754716982,-1.0759962264150944,-1.6839018867924533
Severe_Camera_Degraded,40,Distance-Adaptive,2,0.0,0.5986318629048953,0.0,0.1,0.059863186290489534,dist_lidar,-7.19435,-22.368779999999997,-0.40359
Severe_Camera_Degraded,40,Temporal Fusion,0,0.0,0.0,0.0,0.0,0.37456544971552785,temporal_fused,-7.975951975177643,14.830600931902044,1.5605290231497464
Severe_Camera_Degraded,40,Temporal Fusion,1,0.0,0.0,0.0,0.0,0.31068046238261027,temporal_fused,-0.9498911123023602,15.458349953526707,0.8365100034589649
Severe_Camera_Degraded,40,Temporal Fusion,2,0.0,0.0,0.0,0.0,0.3944730319525743,temporal_fused,8.358457251653686,-1.0396565284946626,-1.6914111756043382
Severe_Camera_Degraded,40,Proposed Adaptive Fusion,0,0.0,1.0,0.01,0.2576862290728309,0.2576862290728309,adaptive_lidar_fallback,-2.470446,-4.528032,-1.2408159999999997
Severe_Camera_Degraded,40,Proposed Adaptive Fusion,1,0.0,1.0,0.01,0.4751194855631931,0.4751194855631931,adaptive_lidar_fallback,8.348120754716982,-1.0759962264150944,-1.6839018867924533
Severe_Camera_Degraded,40,Proposed Adaptive Fusion,2,0.0,1.0,0.01,0.17810784349410239,0.17810784349410239,adaptive_lidar_fallback,-7.19435,-22.368779999999997,-0.40359
Severe_Camera_Degraded,50,LiDAR-Only,0,0.0,1.0,0.0,0.1,0.1,lidar_only,-3.6288629629629634,-3.489822222222221,-2.3569666666666667
Severe_Camera_Degraded,50,LiDAR-Only,1,0.0,1.0,0.0,0.2743750200041165,0.2743750200041165,lidar_only,-4.261744999999999,-4.689679999999997,-1.0741425
Severe_Camera_Degraded,50,LiDAR-Only,2,0.0,1.0,0.0,0.7193534656550318,0.7193534656550318,lidar_only,6.315695384615386,-0.6313046153846155,-1.6517076923076925
Severe_Camera_Degraded,50,Late Fusion (Fixed),0,0.0,0.5,0.0,0.1,0.05,late_fixed_lidar,-3.6288629629629634,-3.489822222222221,-2.3569666666666667
Severe_Camera_Degraded,50,Late Fusion (Fixed),1,0.0,0.5,0.0,0.2743750200041165,0.13718751000205825,late_fixed_lidar,-4.261744999999999,-4.689679999999997,-1.0741425
Severe_Camera_Degraded,50,Late Fusion (Fixed),2,0.0,0.5,0.0,0.7193534656550318,0.3596767328275159,late_fixed_lidar,6.315695384615386,-0.6313046153846155,-1.6517076923076925
Severe_Camera_Degraded,50,Dempster-Shafer,0,0.0,1.0,0.0,0.2536687836490293,0.20293502691922344,ds_lidar,-3.6288629629629634,-3.489822222222221,-2.3569666666666667
Severe_Camera_Degraded,50,Dempster-Shafer,1,0.0,1.0,0.0,0.504029619527548,0.4032236956220384,ds_lidar,-4.261744999999999,-4.689679999999997,-1.0741425
Severe_Camera_Degraded,50,Dempster-Shafer,2,0.0,1.0,0.0,0.8596767328275159,0.6877413862620128,ds_lidar,6.315695384615386,-0.6313046153846155,-1.6517076923076925
Severe_Camera_Degraded,50,Distance-Adaptive,0,0.0,0.12886322867878586,0.0,0.1,0.012886322867878587,dist_lidar,-3.6288629629629634,-3.489822222222221,-2.3569666666666667
Severe_Camera_Degraded,50,Distance-Adaptive,1,0.0,0.17278925992356597,0.0,0.2743750200041165,0.0474090566480249,dist_lidar,-4.261744999999999,-4.689679999999997,-1.0741425
Severe_Camera_Degraded,50,Distance-Adaptive,2,0.0,0.17313864859092265,0.0,0.7193534656550318,0.12454788690270889,dist_lidar,6.315695384615386,-0.6313046153846155,-1.6517076923076925
Severe_Camera_Degraded,50,Temporal Fusion,0,0.0,0.0,0.0,0.0,0.3583065848962495,temporal_fused,-11.301248056115607,14.125207085297138,1.6317069184820645
Severe_Camera_Degraded,50,Temporal Fusion,1,0.0,0.0,0.0,0.0,0.383708058608429,temporal_fused,-4.528037552756908,15.344557742309568,0.6690280216943967
Severe_Camera_Degraded,50,Temporal Fusion,2,0.0,0.0,0.0,0.0,0.38041876646838,temporal_fused,6.312326689278836,-0.625219810861511,-1.663237587394278
Severe_Camera_Degraded,50,Proposed Adaptive Fusion,0,0.0,1.0,0.01,0.252014809763774,0.252014809763774,adaptive_lidar_fallback,-4.261744999999999,-4.689679999999997,-1.0741425
Severe_Camera_Degraded,50,Proposed Adaptive Fusion,1,0.0,1.0,0.01,0.42983836641375794,0.42983836641375794,adaptive_lidar_fallback,6.315695384615386,-0.6313046153846155,-1.6517076923076925
Severe_Camera_Degraded,50,Proposed Adaptive Fusion,2,0.0,1.0,0.01,0.2029241367878517,0.2029241367878517,adaptive_lidar_fallback,15.31842,-4.055069999999999,-1.5398
Severe_Camera_Degraded,60,LiDAR-Only,0,0.0,1.0,0.0,0.8248317895471914,0.8248317895471914,lidar_only,4.581413223140496,-0.6348528925619834,-1.6640495867768603
Severe_Camera_Degraded,60,LiDAR-Only,1,0.0,1.0,0.0,0.1,0.1,lidar_only,-5.920168749999999,-4.670612499999999,-2.0051437500000002
Severe_Camera_Degraded,60,LiDAR-Only,2,0.0,1.0,0.0,0.1,0.1,lidar_only,-5.935135294117647,-4.776005882352941,0.363429411764706
Severe_Camera_Degraded,60,Late Fusion (Fixed),0,0.0,0.5,0.0,0.8248317895471914,0.4124158947735957,late_fixed_lidar,4.581413223140496,-0.6348528925619834,-1.6640495867768603
Severe_Camera_Degraded,60,Late Fusion (Fixed),1,0.0,0.5,0.0,0.1,0.05,late_fixed_lidar,-5.920168749999999,-4.670612499999999,-2.0051437500000002
Severe_Camera_Degraded,60,Late Fusion (Fixed),2,0.0,0.5,0.0,0.1,0.05,late_fixed_lidar,-5.935135294117647,-4.776005882352941,0.363429411764706
Severe_Camera_Degraded,60,Dempster-Shafer,0,0.0,1.0,0.0,0.9124158947735956,0.7299327158188765,ds_lidar,4.581413223140496,-0.6348528925619834,-1.6640495867768603
Severe_Camera_Degraded,60,Dempster-Shafer,1,0.0,1.0,0.0,0.2208151440056771,0.1766521152045417,ds_lidar,-5.920168749999999,-4.670612499999999,-2.0051437500000002
Severe_Camera_Degraded,60,Dempster-Shafer,2,0.0,1.0,0.0,0.23313548349112795,0.18650838679290238,ds_lidar,-5.935135294117647,-4.776005882352941,0.363429411764706
Severe_Camera_Degraded,60,Distance-Adaptive,0,0.0,0.11524185048081925,0.0,0.8248317895471914,0.09505514176282401,dist_lidar,4.581413223140496,-0.6348528925619834,-1.6640495867768603
Severe_Camera_Degraded,60,Distance-Adaptive,1,0.0,0.21331235411724225,0.0,0.1,0.021331235411724228,dist_lidar,-5.920168749999999,-4.670612499999999,-2.0051437500000002
Severe_Camera_Degraded,60,Distance-Adaptive,2,0.0,0.21589357319469538,0.0,0.1,0.021589357319469538,dist_lidar,-5.935135294117647,-4.776005882352941,0.363429411764706
Severe_Camera_Degraded,60,Temporal Fusion,0,0.0,0.0,0.0,0.0,0.42048832479057396,temporal_fused,-5.984349908483199,15.42866429097214,0.8184747180602997
Severe_Camera_Degraded,60,Temporal Fusion,1,0.0,0.0,0.0,0.0,0.401580094458233,temporal_fused,4.592888295746536,-0.6338590652489227,-1.6598089919293686
Severe_Camera_Degraded,60,Temporal Fusion,2,0.0,0.0,0.0,0.0,0.24689361462046058,temporal_fused,-8.09450766114525,13.913178868638637,2.1085858934874793
Severe_Camera_Degraded,60,Proposed Adaptive Fusion,0,0.0,1.0,0.01,0.4562079473867978,0.4562079473867978,adaptive_lidar_fallback,4.581413223140496,-0.6348528925619834,-1.6640495867768603
Severe_Camera_Degraded,60,Proposed Adaptive Fusion,1,0.0,1.0,0.01,0.3734998035936873,0.3734998035936873,adaptive_lidar_fallback,13.770728571428574,-3.8074285714285714,-1.6032380952380951
Severe_LiDAR_Degraded,0,Camera-Only,0,0.0,0.0,0.0,0.0,0.8354418277740479,det,,,
Severe_LiDAR_Degraded,0,Camera-Only,1,0.0,0.0,0.0,0.0,0.6593651175498962,det,,,
Severe_LiDAR_Degraded,0,Camera-Only,2,0.0,0.0,0.0,0.0,0.5955885648727417,det,,,
Severe_LiDAR_Degraded,10,Camera-Only,0,0.0,0.0,0.0,0.0,0.8452799320220947,det,,,
Severe_LiDAR_Degraded,10,Camera-Only,1,0.0,0.0,0.0,0.0,0.6627030968666077,det,,,
Severe_LiDAR_Degraded,10,Camera-Only,2,0.0,0.0,0.0,0.0,0.5890331864356995,det,,,
Severe_LiDAR_Degraded,20,Camera-Only,0,0.0,0.0,0.0,0.0,0.8613378405570984,det,,,
Severe_LiDAR_Degraded,20,Camera-Only,1,0.0,0.0,0.0,0.0,0.6853788495063782,det,,,
Severe_LiDAR_Degraded,20,Camera-Only,2,0.0,0.0,0.0,0.0,0.6372888088226318,det,,,
Severe_LiDAR_Degraded,30,Camera-Only,0,0.0,0.0,0.0,0.0,0.855445146560669,det,,,
Severe_LiDAR_Degraded,30,Camera-Only,1,0.0,0.0,0.0,0.0,0.7122951745986938,det,,,
Severe_LiDAR_Degraded,30,Camera-Only,2,0.0,0.0,0.0,0.0,0.6741661429405212,det,,,
Severe_LiDAR_Degraded,40,Camera-Only,0,0.0,0.0,0.0,0.0,0.9005837440490723,det,,,
Severe_LiDAR_Degraded,40,Camera-Only,1,0.0,0.0,0.0,0.0,0.7902342081069946,det,,,
Severe_LiDAR_Degraded,40,Camera-Only,2,0.0,0.0,0.0,0.0,0.7558078169822693,det,,,
Severe_LiDAR_Degraded,50,Camera-Only,0,0.0,0.0,0.0,0.0,0.8478620648384094,det,,,
Severe_LiDAR_Degraded,50,Camera-Only,1,0.0,0.0,0.0,0.0,0.8393945097923279,det,,,
Severe_LiDAR_Degraded,50,Camera-Only,2,0.0,0.0,0.0,0.0,0.8054687976837158,det,,,
Severe_LiDAR_Degraded,60,Camera-Only,0,0.0,0.0,0.0,0.0,0.9406607151031494,det,,,
Severe_LiDAR_Degraded,60,Camera-Only,1,0.0,0.0,0.0,0.0,0.8408942222595215,det,,,
Severe_LiDAR_Degraded,60,Camera-Only,2,0.0,0.0,0.0,0.0,0.8040767312049866,det,,,
